data_venda;turno;valor_prato;pedido_pago;valor_pendente;valor_adicional;valor_frete;quantidade;id_prato_principal;id_acompanhamento
2020-07-30;Manhã;12.0;1.0;0.0;0.0;2.0;1.0;7;5
2020-07-30;Manhã;12.0;1.0;0.0;0.0;0.0;1.0;9;5
2020-07-30;Manhã;12.0;1.0;0.0;0.0;2.0;1.0;20;5
2020-07-30;Manhã;12.0;1.0;0.0;0.0;0.0;1.0;20;5
2020-07-30;Noite;12.0;1.0;0.0;0.0;2.0;1.0;20;5
2020-07-30;Noite;12.0;1.0;0.0;0.0;0.0;1.0;20;5
2020-07-30;Noite;12.0;1.0;0.0;0.0;0.0;1.0;9;8
2020-07-30;Noite;12.0;1.0;0.0;0.0;0.0;1.0;9;8
2020-07-30;Noite;12.0;1.0;0.0;0.0;0.0;1.0;9;8
2020-07-31;Manhã;12.0;1.0;0.0;0.0;2.0;1.0;7;2
2020-07-31;Manhã;12.0;1.0;0.0;0.0;0.0;1.0;9;5
2020-08-01;Manhã;17.0;1.0;0.0;0.0;2.0;1.0;38;8
2020-08-01;Manhã;14.0;1.0;0.0;0.0;0.0;1.0;38;9
2020-08-01;Manhã;14.0;1.0;0.0;0.0;0.0;1.0;38;9
2020-08-01;Manhã;12.85;1.0;0.0;2.15;0.0;1.0;37;8
2020-08-01;Manhã;11.7;1.0;0.0;0.3;0.0;1.0;37;8
2020-08-01;Manhã;13.0;1.0;0.0;0.0;0.0;1.0;37;9
2020-08-01;Manhã;13.0;1.0;0.0;0.0;0.0;1.0;38;8
2020-08-01;Noite;13.0;1.0;0.0;0.0;0.0;1.0;37;8
2020-08-01;Noite;13.0;1.0;0.0;0.0;0.0;1.0;38;8
2020-08-02;Manhã;11.7;1.0;0.0;0.3;2.0;1.0;47;9
2020-08-02;Manhã;12.0;1.0;0.0;0.0;0.0;1.0;47;9
2020-08-02;Manhã;12.0;1.0;0.0;0.0;0.0;1.0;48;9
2020-08-02;Manhã;12.0;1.0;0.0;0.0;0.0;1.0;48;9
2020-08-02;Manhã;12.0;1.0;0.0;0.0;2.0;1.0;47;9
2020-08-02;Manhã;12.0;1.0;0.0;0.0;0.0;1.0;48;9
2020-08-02;Manhã;12.0;1.0;0.0;0.0;0.0;1.0;48;9
2020-08-02;Noite;12.0;1.0;0.0;0.0;0.0;1.0;47;9
2020-08-02;Noite;12.0;1.0;0.0;0.0;0.0;1.0;48;9
2020-08-04;Manhã;11.7;1.0;0.0;0.3;2.0;1.0;4;5
2020-08-04;Manhã;12.0;1.0;0.0;0.0;0.0;1.0;4;8
2020-08-05;Manhã;12.0;1.0;0.0;0.0;0.0;1.0;20;8
2020-08-05;Manhã;12.0;1.0;0.0;0.0;0.0;1.0;7;8
2020-08-05;Manhã;12.0;1.0;0.0;0.0;0.0;1.0;48;9
2020-08-05;Manhã;3.5;1.0;0.0;0.0;0.0;1.0;20;14
2020-08-05;Manhã;3.5;1.0;0.0;0.0;0.0;1.0;20;14
2020-08-05;Noite;12.0;1.0;0.0;0.0;2.0;1.0;20;9
2020-08-05;Noite;12.0;1.0;0.0;0.0;0.0;1.0;20;9
2020-08-06;Manhã;12.0;1.0;0.0;0.0;0.0;1.0;11;4
2020-08-06;Manhã;12.0;1.0;0.0;0.0;0.0;1.0;11;4
2020-08-06;Manhã;12.0;1.0;0.0;0.0;3.0;1.0;20;5
2020-08-07;Manhã;12.0;1.0;0.0;0.0;2.0;1.0;20;5
2020-08-07;Manhã;12.0;1.0;0.0;0.0;2.0;1.0;11;5
2020-08-07;Manhã;12.0;1.0;0.0;0.0;0.0;1.0;11;5
2020-08-07;Manhã;3.5;1.0;0.0;0.0;0.0;1.0;20;14
2020-08-07;Manhã;3.5;1.0;0.0;0.0;0.0;1.0;20;14
2020-08-08;Manhã;12.0;1.0;0.0;0.0;2.0;1.0;46;5
2020-08-08;Manhã;12.0;1.0;0.0;0.0;0.0;1.0;45;5
2020-08-08;Manhã;12.0;1.0;0.0;0.0;0.0;1.0;45;2
2020-08-08;Manhã;12.0;1.0;0.0;0.0;0.0;1.0;7;5
2020-08-08;Manhã;12.0;1.0;0.0;0.0;2.0;1.0;11;2
2020-08-08;Manhã;12.0;1.0;0.0;0.0;0.0;1.0;46;5
2020-08-08;Manhã;12.0;1.0;0.0;0.0;0.0;1.0;20;2
2020-08-08;Manhã;12.0;1.0;0.0;0.0;2.0;1.0;20;9
2020-08-08;Manhã;12.0;1.0;0.0;0.0;0.0;1.0;20;2
2020-08-10;Manhã;11.4;1.0;0.0;0.6;5.0;1.0;20;5
2020-08-10;Manhã;11.4;1.0;0.0;0.6;0.0;1.0;20;5
2020-08-10;Manhã;11.4;1.0;0.0;0.6;0.0;1.0;20;5
2020-08-10;Manhã;11.4;1.0;0.0;0.6;0.0;1.0;45;2
2020-08-10;Manhã;11.4;1.0;0.0;0.6;0.0;1.0;20;5
2020-08-10;Manhã;12.0;1.0;0.0;0.0;2.0;1.0;20;2
2020-08-10;Manhã;12.0;1.0;0.0;0.0;0.0;1.0;20;2
2020-08-10;Noite;0.0;1.0;0.0;0.0;0.0;1.0;45;5
2020-08-10;Noite;0.0;1.0;0.0;0.0;0.0;1.0;45;2
2020-08-10;Noite;4.0;1.0;0.0;0.0;0.0;1.0;42;14
2020-08-11;Manhã;14.0;1.0;0.0;0.0;0.0;1.0;23;5
2020-08-11;Manhã;14.0;1.0;0.0;0.0;0.0;1.0;23;5
2020-08-11;Manhã;14.0;1.0;0.0;0.0;0.0;1.0;23;5
2020-08-11;Noite;14.0;1.0;0.0;0.0;0.0;1.0;23;9
2020-08-11;Noite;14.0;1.0;0.0;0.0;0.0;1.0;23;5
2020-08-11;Noite;12.0;1.0;0.0;0.0;0.0;1.0;27;9
2020-08-12;Manhã;14.0;1.0;0.0;0.0;3.0;1.0;23;2
2020-08-12;Manhã;14.0;1.0;0.0;0.0;0.0;1.0;23;2
2020-08-12;Manhã;12.0;1.0;0.0;0.0;0.0;1.0;23;2
2020-08-12;Manhã;14.0;1.0;0.0;0.0;3.0;1.0;23;2
2020-08-12;Manhã;14.0;1.0;0.0;0.0;3.0;1.0;23;4
2020-08-14;Manhã;14.0;1.0;0.0;0.0;0.0;1.0;23;2
2020-08-14;Manhã;12.0;1.0;0.0;0.0;0.0;1.0;5;8
2020-08-14;Manhã;12.0;1.0;0.0;0.0;0.0;1.0;5;8
2020-08-14;Manhã;14.0;1.0;0.0;0.79;3.0;1.0;23;8
2020-08-14;Manhã;12.0;1.0;0.0;0.0;0.0;1.0;27;9
2020-08-15;Manhã;14.0;1.0;0.0;0.0;3.0;1.0;23;8
2020-08-15;Manhã;14.0;1.0;0.0;0.0;0.0;1.0;23;8
2020-08-15;Manhã;14.0;1.0;0.0;0.0;0.0;1.0;47;9
2020-08-15;Manhã;14.0;1.0;0.0;0.0;0.0;1.0;47;9
2020-08-15;Manhã;14.0;0.0;8.85;0.0;0.0;1.0;47;9
2020-08-15;Manhã;14.0;0.0;14.0;0.0;0.0;1.0;47;9
2020-08-15;Manhã;14.0;0.0;14.0;0.0;0.0;1.0;23;9
2020-08-15;Manhã;12.0;1.0;0.0;0.0;0.0;1.0;11;8
2020-08-15;Manhã;12.0;1.0;0.0;0.0;0.0;1.0;23;8
2020-08-15;Manhã;13.0;1.0;0.0;0.6;0.0;1.0;27;9
2020-08-15;Manhã;13.0;1.0;0.0;0.0;0.0;1.0;23;8
2020-08-15;Noite;12.0;1.0;0.0;0.0;3.0;1.0;27;5
2020-08-16;Manhã;13.0;1.0;0.0;0.0;0.0;1.0;38;5
2020-08-16;Manhã;2.5;1.0;0.0;0.0;0.0;1.0;38;14
2020-08-16;Manhã;13.0;0.0;13.0;0.0;0.0;1.0;38;2
2020-08-16;Manhã;12.0;0.0;12.0;0.0;0.0;1.0;11;2
2020-08-16;Manhã;13.0;0.0;13.0;0.0;0.0;1.0;38;5
2020-08-17;Manhã;14.0;0.0;14.0;0.0;0.0;1.0;23;9
2020-08-17;Manhã;14.0;0.0;14.0;0.0;0.0;1.0;23;5
2020-08-18;Manhã;12.0;1.0;0.0;0.0;0.0;1.0;20;5
2020-08-18;Manhã;12.0;1.0;0.0;0.0;0.0;1.0;20;14
2020-08-18;Manhã;14.0;0.0;14.0;0.0;0.0;1.0;47;9
2020-08-18;Manhã;12.0;0.0;12.0;0.0;0.0;1.0;7;5
2020-08-18;Noite;14.0;0.0;14.0;0.0;0.0;1.0;47;9
2020-08-18;Noite;0.0;1.0;0.0;0.0;0.0;1.0;47;9
2020-08-18;Noite;12.0;0.0;12.0;0.0;0.0;1.0;20;5
2020-08-18;Noite;4.0;0.0;8.0;0.0;0.0;2.0;20;14
2020-08-19;Manhã;12.0;1.0;0.0;0.4;3.0;1.0;20;1
2020-08-19;Manhã;14.0;1.0;0.0;0.0;0.0;1.0;23;1
2020-08-19;Manhã;14.0;1.0;0.0;0.0;0.0;1.0;23;5
2020-08-19;Manhã;12.0;1.0;0.0;0.4;0.0;1.0;23;1
2020-08-19;Manhã;12.0;1.0;0.0;0.0;0.0;1.0;23;5
2020-08-19;Noite;12.0;1.0;0.0;0.0;0.0;1.0;22;13
2020-08-19;Noite;12.0;1.0;0.0;0.0;0.0;1.0;7;5
2020-08-19;Noite;12.0;1.0;0.0;0.0;0.0;1.0;20;13
2020-08-19;Noite;4.0;0.0;8.0;0.0;0.0;2.0;23;14
2020-08-20;Manhã;12.0;1.0;0.0;0.4;3.0;1.0;34;1
2020-08-20;Manhã;12.0;1.0;0.0;0.0;0.0;1.0;27;8
2020-08-20;Manhã;12.0;1.0;0.0;0.0;0.0;1.0;9;8
2020-08-20;Manhã;12.0;1.0;0.0;0.0;0.0;1.0;9;8
2020-08-20;Manhã;12.0;1.0;0.0;0.0;0.0;1.0;9;8
2020-08-20;Manhã;12.0;0.0;12.0;0.0;0.0;1.0;9;8
2020-08-20;Manhã;12.0;0.0;12.0;0.0;0.0;1.0;9;8
2020-08-20;Manhã;12.0;0.0;12.0;0.0;0.0;1.0;7;1
2020-08-20;Manhã;0.35714285714285715;0.0;2.5;0.0;0.0;7.0;34;14
2020-08-21;Manhã;12.0;1.0;0.0;0.0;0.0;1.0;20;2
2020-08-21;Manhã;12.0;0.0;12.0;0.0;0.0;1.0;47;14
2020-08-22;Manhã;15.0;1.0;0.0;1.65;3.0;1.0;3;2
2020-08-22;Manhã;15.0;1.0;0.0;0.0;0.0;1.0;3;2
2020-08-23;Manhã;15.0;1.0;0.0;0.4;0.0;1.0;3;2
2020-08-23;Noite;3.5;0.0;3.5;0.0;0.0;1.0;3;14
2020-08-23;Noite;3.5;0.0;3.5;0.0;0.0;1.0;3;14
2020-08-23;Noite;3.5;0.0;3.5;0.0;0.0;1.0;3;14
2020-08-23;Noite;3.5;0.0;3.5;0.0;0.0;1.0;3;14
2020-08-26;Manhã;12.0;1.0;0.0;0.0;0.0;1.0;40;8
2020-08-26;Manhã;12.0;0.0;12.0;0.0;0.0;1.0;40;8
2020-08-26;Manhã;12.0;0.0;12.0;0.0;0.0;1.0;40;8
2020-08-26;Manhã;14.0;0.0;14.0;0.0;0.0;1.0;23;2
2020-08-26;Manhã;4.0;0.0;12.0;0.0;0.0;3.0;23;14
2020-08-26;Manhã;7.0;0.0;7.0;0.0;0.0;1.0;42;14
2020-08-26;Manhã;2.5;0.0;2.5;0.0;0.0;1.0;34;14
2020-08-27;Manhã;12.0;1.0;0.0;0.0;0.0;1.0;32;5
2020-08-27;Manhã;14.0;1.0;0.0;0.0;0.0;1.0;32;8
2020-08-27;Manhã;14.0;1.0;0.0;0.0;0.0;1.0;32;5
2020-08-27;Manhã;12.0;1.0;0.0;0.0;0.0;1.0;40;5
2020-08-27;Manhã;12.0;1.0;0.0;0.0;0.0;1.0;40;5
2020-08-27;Manhã;12.0;1.0;0.0;0.0;0.0;1.0;20;1
2020-08-28;Manhã;15.0;1.0;0.0;0.0;0.0;1.0;1;1
2020-08-28;Manhã;12.0;1.0;0.0;0.0;0.0;1.0;20;5
2020-08-28;Manhã;12.0;1.0;0.0;0.0;0.0;1.0;20;5
2020-08-28;Manhã;15.0;1.0;0.0;0.0;0.0;1.0;1;8
2020-08-28;Manhã;12.0;1.0;0.0;0.0;0.0;1.0;20;8
2020-08-28;Manhã;12.0;0.0;12.0;0.0;0.0;1.0;20;5
2020-08-28;Manhã;15.0;0.0;15.0;0.0;0.0;1.0;1;8
2020-08-28;Manhã;15.0;0.0;15.0;0.0;0.0;1.0;1;1
2020-08-28;Manhã;12.0;1.0;0.0;0.0;0.0;1.0;27;14
2020-08-28;Noite;12.0;0.0;12.0;0.0;0.0;1.0;20;2
2020-08-28;Noite;14.0;0.0;14.0;0.0;0.0;1.0;23;9
2020-08-28;Noite;14.0;0.0;14.0;0.0;0.0;1.0;23;2
2020-08-28;Noite;3.5;0.0;7.0;0.0;0.0;2.0;42;14
2020-08-28;Noite;2.5;0.0;5.0;0.0;0.0;2.0;34;14
2020-08-28;Noite;13.0;1.0;0.0;0.0;0.0;1.0;1;2
2020-08-29;Manhã;17.0;1.0;0.0;0.0;0.0;1.0;32;4
2020-08-29;Manhã;17.0;1.0;0.0;0.0;3.0;1.0;11;4
2020-08-29;Manhã;17.0;1.0;0.0;0.0;0.0;1.0;11;14
2020-08-29;Manhã;13.0;0.0;13.0;0.0;0.0;1.0;32;9
2020-08-29;Manhã;14.0;0.0;14.0;0.0;0.0;1.0;11;2
2020-08-29;Manhã;12.0;0.0;12.0;0.0;0.0;1.0;20;2
2020-08-29;Manhã;3.5;0.0;7.0;0.0;0.0;2.0;42;14
2020-08-29;Manhã;2.5;0.0;2.5;0.0;0.0;1.0;34;14
2020-08-29;Manhã;4.0;0.0;4.0;0.0;0.0;1.0;11;14
2020-08-29;Manhã;13.0;1.0;0.0;0.0;3.0;1.0;11;4
2020-08-29;Manhã;12.0;1.0;0.0;0.0;0.0;1.0;20;2
2020-08-29;Manhã;14.0;1.0;0.0;0.0;0.0;1.0;47;14
2020-08-30;Manhã;14.0;1.0;0.0;0.0;0.0;1.0;47;14
2020-08-31;Manhã;12.0;1.0;0.0;0.75;3.0;1.0;20;2
2020-08-31;Manhã;12.0;1.0;0.0;0.0;0.0;1.0;20;2
2020-08-31;Manhã;12.0;1.0;0.0;0.0;2.0;1.0;20;2
2020-08-31;Manhã;0.0;1.0;0.0;0.0;0.0;1.0;20;9
2020-08-31;Manhã;0.0;1.0;0.0;0.0;0.0;1.0;20;9
2020-08-31;Manhã;3.5;0.0;7.0;0.0;0.0;2.0;42;14
2020-08-31;Noite;12.0;1.0;0.0;0.0;0.0;1.0;20;2
2020-08-31;Noite;12.0;1.0;0.0;0.0;0.0;1.0;20;2
2020-09-02;Manhã;14.0;0.0;14.0;0.0;0.0;1.0;23;1
2020-09-02;Manhã;14.0;0.0;14.0;0.0;0.0;1.0;23;5
2020-09-03;Manhã;13.0;1.0;0.0;0.0;0.0;1.0;11;1
2020-09-03;Manhã;13.0;1.0;0.0;0.0;0.0;1.0;11;1
2020-09-03;Manhã;13.0;1.0;0.0;0.0;0.0;1.0;11;5
2020-09-03;Manhã;0.0;1.0;0.0;0.0;0.0;1.0;27;9
2020-09-03;Manhã;12.0;0.0;12.0;0.0;0.0;1.0;27;9
2020-09-03;Manhã;13.0;0.0;13.0;0.0;0.0;1.0;11;2
2020-09-03;Manhã;0.0;1.0;0.0;0.0;0.0;1.0;27;9
2020-09-04;Manhã;14.0;1.0;0.0;0.0;0.0;1.0;23;5
2020-09-04;Manhã;14.0;1.0;0.0;0.0;0.0;1.0;23;5
2020-09-04;Manhã;14.0;1.0;0.0;0.0;0.0;1.0;23;9
2020-09-04;Manhã;12.0;0.0;12.0;0.0;0.0;1.0;27;12
2020-09-04;Manhã;14.0;0.0;14.0;0.0;0.0;1.0;23;2
2020-09-04;Manhã;3.5;0.0;7.0;0.0;0.0;2.0;23;14
2020-09-04;Manhã;12.0;1.0;0.0;0.0;0.0;1.0;7;9
2020-09-04;Manhã;14.0;1.0;0.0;0.0;0.0;1.0;23;12
2020-09-04;Noite;12.0;1.0;0.0;0.0;0.0;1.0;20;12
2020-09-05;Manhã;13.0;1.0;0.0;0.0;0.0;1.0;9;8
2020-09-05;Manhã;13.0;1.0;0.0;0.0;0.0;1.0;9;8
2020-09-05;Manhã;12.0;1.0;0.0;0.0;0.0;1.0;33;1
2020-09-05;Manhã;13.0;1.0;0.0;0.0;0.0;1.0;9;1
2020-09-05;Manhã;10.0;0.0;10.0;0.0;0.0;1.0;7;1
2020-09-05;Noite;10.0;0.0;10.0;0.0;0.0;1.0;7;1
2020-09-05;Noite;10.0;0.0;10.0;0.0;0.0;1.0;7;1
2020-09-05;Manhã;13.0;1.0;0.0;0.0;0.0;1.0;9;8
2020-09-05;Noite;10.0;1.0;0.0;0.0;0.0;1.0;7;1
2020-09-05;Noite;14.0;1.0;0.0;0.0;0.0;1.0;23;8
2020-09-05;Noite;14.0;1.0;0.0;0.0;0.0;1.0;23;8
2020-09-05;Noite;10.0;1.0;0.0;0.0;0.0;1.0;7;1
2020-09-06;Noite;13.0;1.0;0.0;0.0;0.0;1.0;33;8
2020-09-06;Noite;13.0;1.0;0.0;0.0;0.0;1.0;33;8
2020-09-06;Noite;14.0;1.0;0.0;0.0;0.0;1.0;48;8
2020-09-07;Manhã;12.0;1.0;0.0;1.0;0.0;1.0;7;1
2020-09-07;Manhã;12.0;1.0;0.0;0.0;0.0;1.0;7;1
2020-09-07;Manhã;12.0;1.0;0.0;0.0;0.0;1.0;7;1
2020-09-07;Manhã;12.0;1.0;0.0;0.0;0.0;1.0;33;1
2020-09-07;Manhã;12.0;1.0;0.0;0.0;0.0;1.0;33;1
2020-09-07;Manhã;3.0;1.0;0.0;0.0;0.0;1.0;7;1
2020-09-07;Manhã;3.0;1.0;0.0;0.0;0.0;1.0;7;1
2020-09-07;Manhã;12.0;1.0;0.0;0.0;0.0;1.0;23;8
2020-09-07;Manhã;12.0;1.0;0.0;0.0;0.0;1.0;23;8
2020-09-07;Noite;0.0;0.0;0.0;0.0;0.0;1.0;7;1
2020-09-08;Manhã;12.0;0.0;12.0;0.0;0.0;1.0;7;1
2020-09-08;Manhã;12.0;0.0;12.0;0.0;0.0;1.0;7;1
2020-09-08;Manhã;13.0;1.0;0.0;0.75;3.0;1.0;8;9
2020-09-08;Manhã;13.0;1.0;0.0;0.0;0.0;1.0;8;5
2020-09-08;Manhã;12.0;1.0;0.0;0.0;0.0;1.0;20;1
2020-09-08;Manhã;12.0;1.0;0.0;0.0;0.0;1.0;20;5
2020-09-09;Manhã;10.0;0.0;10.0;0.0;0.0;1.0;7;1
2020-09-09;Manhã;10.0;0.0;10.0;0.0;0.0;1.0;7;1
2020-09-10;Manhã;12.0;1.0;0.0;0.0;3.0;1.0;8;1
2020-09-10;Manhã;13.0;1.0;0.0;0.4;0.0;1.0;8;5
2020-09-10;Manhã;14.0;1.0;0.0;0.0;0.0;1.0;8;5
2020-09-10;Manhã;13.0;1.0;0.0;0.0;0.0;1.0;8;5
2020-09-10;Manhã;10.0;1.0;0.0;0.0;0.0;1.0;7;1
2020-09-10;Noite;13.0;0.0;13.0;0.0;0.0;1.0;8;5
2020-09-10;Noite;13.0;0.0;13.0;0.0;0.0;1.0;8;9
2020-09-10;Noite;14.0;0.0;14.0;0.0;0.0;1.0;23;5
2020-09-11;Manhã;12.0;1.0;12.0;0.8;3.0;1.0;20;5
2020-09-12;Manhã;0.0;1.0;0.0;0.0;0.0;1.0;11;5
2020-09-12;Manhã;12.0;1.0;0.0;0.0;0.0;1.0;7;1
2020-09-12;Manhã;12.0;1.0;0.0;0.0;0.0;1.0;20;5
2020-09-12;Manhã;0.0;1.0;0.0;0.0;0.0;1.0;7;1
2020-09-12;Noite;10.0;1.0;0.0;0.0;0.0;1.0;7;1
2020-09-12;Noite;10.0;1.0;0.0;0.0;0.0;1.0;43;14
2020-09-12;Noite;13.0;1.0;0.0;0.0;0.0;1.0;11;5
2020-09-12;Noite;13.0;1.0;0.0;0.0;0.0;1.0;11;5
2020-09-12;Noite;13.0;1.0;0.0;0.0;0.0;1.0;11;5
2020-09-12;Noite;10.0;0.0;10.0;0.0;0.0;1.0;7;1
2020-09-12;Noite;15.0;0.0;15.0;0.0;0.0;1.0;7;2
2020-09-13;Manhã;12.0;1.0;0.0;0.0;0.0;1.0;20;5
2020-09-13;Noite;10.0;0.0;10.0;0.0;0.0;1.0;43;14
2020-09-13;Noite;10.0;0.0;10.0;0.0;0.0;1.0;43;14
2020-09-13;Manhã;10.0;0.0;10.0;0.0;0.0;1.0;43;14
2020-09-13;Manhã;10.0;0.0;10.0;0.0;0.0;1.0;43;14
2020-09-13;Manhã;10.0;0.0;10.0;0.0;0.0;1.0;43;14
2020-09-13;Manhã;15.0;0.0;15.0;0.0;0.0;1.0;7;2
2020-09-14;Noite;10.0;1.0;0.0;0.0;0.0;1.0;7;1
2020-09-15;Manhã;13.0;0.0;13.0;0.0;0.0;1.0;8;1
2020-09-15;Manhã;14.0;0.0;14.0;0.0;0.0;1.0;23;1
2020-09-15;Manhã;12.0;1.0;0.0;0.0;0.0;1.0;20;1
2020-09-17;Manhã;10.0;1.0;0.0;0.0;0.0;1.0;7;1
2020-09-18;Manhã;13.0;1.0;0.0;0.0;0.0;1.0;8;1
2020-09-18;Manhã;0.0;1.0;0.0;0.0;0.0;1.0;7;1
2020-09-18;Manhã;10.0;0.0;10.0;0.0;0.0;1.0;7;1
2020-09-18;Noite;13.0;1.0;0.0;0.6;0.0;1.0;8;8
2020-09-18;Noite;12.0;1.0;0.0;0.0;0.0;1.0;44;14
2020-09-19;Manhã;13.0;1.0;0.0;0.9;0.0;1.0;8;1
2020-09-19;Manhã;13.0;1.0;0.0;0.0;0.0;1.0;20;1
2020-09-19;Manhã;13.0;1.0;0.0;0.5;0.0;1.0;8;1
2020-09-19;Manhã;13.0;1.0;0.0;0.0;0.0;1.0;8;8
2020-09-19;Manhã;13.0;1.0;0.0;0.45;0.0;1.0;33;1
2020-09-19;Manhã;20.0;1.0;0.0;0.0;0.0;1.0;29;2
2020-09-19;Manhã;10.0;1.0;0.0;0.0;0.0;1.0;7;1
2020-09-20;Manhã;10.0;1.0;0.0;0.0;3.0;1.0;7;1
2020-09-20;Manhã;12.0;1.0;0.0;0.0;0.0;1.0;14;2
2020-09-20;Manhã;12.0;1.0;0.0;0.0;0.0;1.0;14;2
2020-09-20;Noite;15.0;1.0;0.0;0.0;0.0;1.0;14;1
2020-09-21;Manhã;13.0;1.0;0.0;0.0;0.0;1.0;33;2
2020-09-23;Manhã;0.0;1.0;0.0;0.0;0.0;1.0;7;1
2020-09-23;Manhã;15.0;1.0;0.0;0.0;0.0;1.0;1;2
2020-09-23;Noite;12.0;1.0;0.0;0.0;0.0;1.0;7;2
2020-09-23;Noite;12.0;1.0;0.0;0.0;0.0;1.0;7;2
2020-09-24;Manhã;13.0;1.0;0.0;0.0;0.0;1.0;33;9
2020-09-24;Manhã;13.0;1.0;0.0;0.0;0.0;1.0;33;5
2020-09-24;Manhã;12.0;1.0;0.0;0.0;0.0;1.0;7;2
2020-09-24;Manhã;12.0;1.0;0.0;0.0;3.0;1.0;7;1
2020-09-24;Manhã;12.0;1.0;0.0;0.0;0.0;1.0;7;1
2020-09-24;Manhã;13.0;1.0;0.0;0.8;3.0;1.0;15;1
2020-09-24;Manhã;15.0;1.0;0.0;0.0;0.0;1.0;1;5
2020-09-24;Manhã;15.0;1.0;0.0;0.0;0.0;1.0;1;9
2020-09-25;Noite;10.0;1.0;0.0;0.0;0.0;1.0;7;1
2020-09-25;Noite;10.0;1.0;0.0;0.0;0.0;1.0;7;2
2020-09-25;Noite;10.0;1.0;0.0;0.0;0.0;1.0;7;2
2020-09-25;Manhã;15.0;1.0;0.0;0.0;0.0;1.0;20;2
2020-09-25;Manhã;12.0;1.0;0.0;0.0;0.0;1.0;7;2
2020-09-26;Manhã;13.0;0.0;13.0;0.0;0.0;1.0;33;14
2020-09-26;Manhã;10.0;1.0;0.0;0.0;0.0;1.0;7;1
2020-09-26;Noite;10.0;1.0;0.0;0.0;0.0;1.0;7;1
2020-09-27;Manhã;10.0;1.0;0.0;0.0;0.0;1.0;7;1
2020-09-27;Manhã;14.0;1.0;0.0;0.5;3.0;1.0;23;5
2020-09-27;Manhã;14.0;1.0;0.0;0.5;0.0;1.0;23;5
2020-09-27;Manhã;10.0;1.0;0.0;0.0;0.0;1.0;7;1
2020-09-27;Manhã;12.0;1.0;0.0;0.0;0.0;1.0;7;1
2020-09-27;Manhã;12.0;1.0;0.0;0.0;0.0;1.0;7;1
2020-09-27;Noite;12.0;1.0;0.0;0.0;0.0;1.0;7;1
2020-09-27;Noite;12.0;1.0;0.0;0.0;0.0;1.0;20;1
2020-09-28;Manhã;12.0;1.0;0.0;0.0;3.0;1.0;20;1
2020-09-28;Noite;7.0;1.0;0.0;0.0;0.0;1.0;41;14
2020-09-29;Manhã;12.0;0.0;12.0;0.0;0.0;1.0;7;1
2020-09-29;Manhã;14.0;0.0;14.0;0.0;0.0;1.0;23;2
2020-09-29;Manhã;14.0;0.0;14.0;0.0;0.0;1.0;23;8
2020-09-29;Manhã;7.0;0.0;7.0;0.0;0.0;1.0;41;14
2020-09-29;Manhã;12.0;1.0;0.0;0.0;0.0;1.0;23;1
2020-09-29;Manhã;14.0;1.0;0.0;0.0;0.0;1.0;20;1
2020-09-29;Noite;12.0;1.0;0.0;0.0;0.0;1.0;20;1
2020-09-30;Manhã;12.0;0.0;12.0;0.0;0.0;1.0;20;8
2020-09-30;Manhã;12.0;0.0;12.0;0.0;0.0;1.0;20;2
2020-09-30;Manhã;7.0;0.0;7.0;0.0;0.0;1.0;41;14
2020-09-30;Noite;12.0;1.0;0.0;0.0;0.0;1.0;20;8
2020-10-01;Manhã;14.0;1.0;0.0;0.0;0.0;1.0;23;2
2020-10-01;Manhã;12.0;1.0;0.0;0.0;0.0;1.0;20;1
2020-10-01;Manhã;12.0;1.0;0.0;0.0;0.0;1.0;7;2
2020-10-01;Manhã;10.0;1.0;0.0;0.0;0.0;1.0;41;14
2020-10-01;Noite;15.0;1.0;0.0;0.0;0.0;1.0;14;2
2020-10-01;Noite;15.0;1.0;0.0;0.0;0.0;1.0;14;2
2020-10-01;Noite;4.0;1.0;0.0;0.0;0.0;1.0;21;14
2020-10-01;Noite;4.0;1.0;0.0;0.0;0.0;1.0;21;14
2020-10-01;Noite;4.0;1.0;0.0;0.0;0.0;1.0;21;14
2020-10-01;Noite;4.0;1.0;0.0;0.0;0.0;1.0;21;14
2020-10-02;Manhã;15.0;1.0;0.0;0.0;0.0;1.0;1;2
2020-10-02;Manhã;15.4;1.0;0.0;0.4;0.0;1.0;1;2
2020-10-02;Noite;15.0;1.0;0.0;0.0;0.0;1.0;14;2
2020-10-02;Noite;10.0;1.0;0.0;0.0;0.0;1.0;41;14
2020-10-02;Noite;14.4;1.0;0.0;0.4;0.0;1.0;23;2
2020-10-03;Manhã;12.0;1.0;0.0;0.0;0.0;1.0;41;14
2020-10-03;Manhã;12.0;1.0;0.0;0.0;0.0;1.0;47;14
2020-10-03;Manhã;12.0;1.0;0.0;0.0;0.0;1.0;47;14
2020-10-03;Manhã;12.0;1.0;0.0;0.0;0.0;1.0;47;14
2020-10-03;Manhã;14.0;1.0;0.0;0.0;0.0;1.0;47;14
2020-10-03;Manhã;14.0;1.0;0.0;0.0;1.5;1.0;47;1
2020-10-03;Manhã;16.0;1.0;0.0;0.0;0.0;1.0;3;1
2020-10-03;Manhã;16.0;1.0;0.0;0.0;0.0;1.0;3;1
2020-10-03;Manhã;16.0;1.0;0.0;1.21;1.5;1.0;3;2
2020-10-03;Manhã;12.0;1.0;0.0;0.0;0.0;1.0;20;2
2020-10-03;Noite;7.0;1.0;0.0;0.0;0.0;1.0;43;14
2020-10-03;Noite;7.0;1.0;0.0;0.0;0.0;1.0;43;14
2020-10-03;Noite;7.0;1.0;0.0;0.0;0.0;1.0;43;14
2020-10-03;Noite;15.0;1.0;0.0;0.0;0.0;1.0;42;14
2020-10-04;Manhã;14.0;1.0;0.0;0.0;0.0;1.0;47;14
2020-10-04;Manhã;14.0;1.0;0.0;0.0;0.0;1.0;48;14
2020-10-04;Manhã;14.0;1.0;0.0;0.0;0.0;1.0;48;14
2020-10-04;Manhã;14.0;1.0;0.0;0.0;0.0;1.0;47;1
2020-10-04;Manhã;14.0;1.0;0.0;0.0;0.0;1.0;48;1
2020-10-05;Manhã;12.0;1.0;0.0;0.0;0.0;1.0;7;2
2020-10-05;Manhã;0.0;1.0;0.0;0.0;0.0;1.0;41;14
2020-10-05;Manhã;10.0;1.0;0.0;0.0;0.0;1.0;41;14
2020-10-05;Noite;15.0;1.0;0.0;0.0;0.0;1.0;13;8
2020-10-05;Noite;12.0;1.0;0.0;0.0;0.0;1.0;7;8
2020-10-05;Noite;12.0;1.0;0.0;0.0;0.0;1.0;7;8
2020-10-05;Noite;15.0;1.0;0.0;0.0;0.0;1.0;13;8
2020-10-06;Manhã;12.0;1.0;0.0;0.0;0.0;1.0;20;8
2020-10-06;Manhã;14.0;1.0;0.0;0.0;0.0;1.0;48;14
2020-10-07;Manhã;12.0;1.0;0.0;0.4;0.0;1.0;20;1
2020-10-07;Manhã;12.0;1.0;0.0;0.4;0.0;1.0;20;1
2020-10-07;Manhã;12.0;1.0;0.0;0.0;0.0;1.0;48;8
2020-10-07;Noite;14.0;1.0;0.0;0.0;0.0;1.0;23;2
2020-10-07;Noite;10.0;1.0;0.0;0.0;0.0;1.0;42;14
2020-10-08;Manhã;14.0;1.0;0.0;0.0;0.0;1.0;23;1
2020-10-08;Manhã;14.0;1.0;0.0;0.4;3.0;1.0;23;2
2020-10-08;Manhã;14.0;1.0;0.0;0.0;0.0;1.0;23;2
2020-10-09;Manhã;12.0;1.0;0.0;0.0;0.0;1.0;20;1
2020-10-09;Manhã;12.0;1.0;0.0;0.0;0.0;1.0;20;2
2020-10-09;Manhã;13.0;1.0;0.0;0.0;0.0;1.0;8;9
2020-10-09;Manhã;13.0;1.0;0.0;0.0;3.0;1.0;8;1
2020-10-09;Manhã;13.0;1.0;0.0;0.0;0.0;1.0;8;1
2020-10-09;Noite;10.0;1.0;0.0;0.0;0.0;1.0;41;14
2020-10-10;Manhã;14.0;1.0;0.0;0.0;0.0;1.0;23;2
2020-10-10;Manhã;10.0;1.0;0.0;0.0;0.0;1.0;41;14
2020-10-10;Manhã;10.0;1.0;0.0;0.0;0.0;1.0;41;14
2020-10-10;Manhã;14.0;1.0;0.0;0.0;0.0;1.0;23;2
2020-10-10;Manhã;12.0;1.0;0.0;0.0;0.0;1.0;20;14
2020-10-10;Manhã;14.0;0.0;0.0;0.0;0.0;1.0;23;2
2020-10-10;Manhã;10.0;0.0;0.0;0.0;0.0;1.0;41;14
2020-10-10;Noite;14.0;1.0;0.0;0.0;0.0;1.0;23;2
2020-10-10;Noite;10.0;1.0;0.0;0.0;0.0;1.0;41;14
2020-10-11;Manhã;15.0;1.0;0.0;0.0;0.0;1.0;25;14
2020-10-11;Manhã;10.0;0.0;0.0;0.0;0.0;1.0;41;14
2020-10-11;Manhã;16.0;1.0;0.0;0.0;0.0;1.0;44;14
2020-10-11;Noite;15.0;1.0;0.0;0.0;0.0;1.0;7;2
2020-12-12;Manhã;12.0;1.0;0.0;0.0;0.0;1.0;20;5
2020-12-12;Manhã;13.0;1.0;0.0;0.0;0.0;1.0;37;1
2020-12-12;Noite;13.0;1.0;0.0;0.0;0.0;1.0;37;14
2020-12-12;Noite;7.0;1.0;0.0;0.0;0.0;1.0;43;14
2020-10-13;Manhã;14.0;1.0;0.0;0.0;0.0;1.0;23;2
2020-10-13;Noite;13.0;1.0;0.0;0.0;0.0;1.0;37;1
2020-10-14;Noite;13.0;1.0;0.0;0.0;0.0;1.0;8;8
2020-10-14;Manhã;10.0;1.0;0.0;0.0;0.0;1.0;41;14
2020-10-16;Manhã;14.0;1.0;0.0;0.0;0.0;1.0;23;1
2020-10-16;Manhã;16.0;1.0;0.0;0.0;0.0;1.0;3;1
2020-10-16;Manhã;16.0;1.0;0.0;0.0;0.0;1.0;3;1
2020-10-16;Manhã;16.0;1.0;0.0;0.0;0.0;1.0;3;2
2020-10-16;Manhã;16.0;1.0;0.0;0.55;0.0;1.0;3;8
2020-10-16;Noite;10.0;1.0;0.0;0.0;0.0;1.0;41;14
2020-10-16;Noite;12.0;1.0;0.0;0.0;0.0;1.0;41;14
2020-10-17;Manhã;14.0;1.0;0.0;0.0;0.0;1.0;23;1
2020-10-17;Manhã;10.0;1.0;0.0;0.0;0.0;1.0;41;14
2020-10-17;Manhã;16.0;1.0;0.0;0.0;0.0;1.0;3;1
2020-10-17;Manhã;14.0;1.0;0.0;0.0;0.0;1.0;23;8
2020-10-17;Manhã;14.0;1.0;0.0;0.0;0.0;1.0;3;1
2020-10-17;Manhã;14.0;1.0;0.0;0.0;0.0;1.0;48;9
2020-10-17;Manhã;14.0;1.0;0.0;0.9;0.0;1.0;48;14
2020-10-17;Manhã;15.0;1.0;0.0;0.0;0.0;1.0;1;8
2020-10-17;Manhã;14.0;1.0;0.0;0.0;0.0;1.0;23;1
2020-10-17;Manhã;14.0;1.0;0.0;0.0;0.0;1.0;23;8
2020-10-17;Noite;15.0;1.0;0.0;0.0;0.0;1.0;3;2
2020-10-18;Manhã;14.0;1.0;0.0;0.4;0.0;1.0;47;3
2020-10-18;Manhã;14.0;1.0;0.0;0.0;0.0;1.0;47;8
2020-10-18;Noite;14.0;1.0;0.0;0.0;0.0;1.0;47;3
2020-10-19;Manhã;14.0;1.0;0.0;0.0;0.0;1.0;47;14
2020-10-19;Manhã;14.0;1.0;0.0;0.0;0.0;1.0;48;14
2020-10-19;Manhã;14.0;1.0;0.0;0.0;0.0;1.0;48;9
2020-10-19;Manhã;17.0;1.0;0.0;0.0;3.0;1.0;48;1
2020-10-19;Manhã;14.0;1.0;0.0;0.0;0.0;1.0;47;3
2020-10-19;Manhã;12.0;0.0;12.0;0.0;0.0;1.0;7;1
2020-10-20;Manhã;13.0;1.0;0.0;0.0;0.0;1.0;20;2
2020-10-20;Manhã;13.0;1.0;0.0;0.0;0.0;1.0;20;2
2020-10-20;Manhã;12.0;1.0;0.0;0.0;0.0;1.0;41;14
2020-10-20;Manhã;13.0;1.0;0.0;0.0;0.0;1.0;20;2
2020-10-20;Manhã;15.0;1.0;0.0;0.0;0.0;1.0;7;2
2020-10-20;Manhã;15.0;1.0;0.0;0.0;0.0;1.0;7;2
2020-10-20;Manhã;0.0;1.0;0.0;0.0;0.0;1.0;41;14
2020-10-20;Noite;14.0;1.0;0.0;0.0;0.0;1.0;33;2
2020-10-21;Manhã;13.0;1.0;0.0;0.0;0.0;1.0;20;2
2020-10-21;Manhã;3.0;1.0;0.0;0.0;0.0;1.0;20;14
2020-10-22;Manhã;16.0;1.0;0.0;0.0;0.0;1.0;20;2
2020-10-22;Manhã;15.0;1.0;0.0;0.0;0.0;1.0;7;9
2020-10-22;Manhã;12.0;1.0;0.0;0.0;0.0;1.0;3;1
2020-10-22;Manhã;0.0;1.0;0.0;0.0;0.0;1.0;41;14
2020-10-22;Manhã;12.0;1.0;0.0;0.0;0.0;1.0;41;14
2020-10-23;Manhã;15.0;1.0;0.0;0.0;0.0;1.0;23;5
2020-10-23;Manhã;12.0;1.0;0.0;0.0;0.0;1.0;7;1
2020-10-24;Manhã;11.0;1.0;0.0;0.0;0.0;1.0;41;14
2020-10-24;Manhã;15.0;1.0;0.0;0.0;0.0;1.0;3;1
2020-10-24;Manhã;14.0;1.0;0.0;0.0;0.0;1.0;3;1
2020-10-24;Manhã;4.0;1.0;0.0;0.0;0.0;1.0;24;14
2020-10-24;Manhã;15.0;1.0;0.0;0.0;0.0;1.0;3;1
2020-10-24;Noite;15.0;1.0;0.0;0.0;0.0;1.0;42;14
2020-10-24;Noite;15.0;1.0;0.0;0.0;0.0;1.0;42;14
2020-10-25;Manhã;15.0;1.0;0.0;0.0;0.0;1.0;3;1
2020-10-27;Manhã;12.0;1.0;0.0;0.0;0.0;1.0;41;14
2020-10-27;Manhã;14.0;1.0;0.0;0.0;0.0;1.0;47;1
2020-10-27;Manhã;14.0;1.0;0.0;0.0;0.0;1.0;48;1
2020-10-27;Manhã;14.0;1.0;0.0;0.0;0.0;1.0;48;1
2020-10-28;Manhã;14.0;1.0;0.0;0.0;0.0;1.0;48;3
2020-10-28;Manhã;15.0;0.0;15.0;0.0;0.0;1.0;47;1
2020-10-28;Manhã;15.0;1.0;0.0;0.0;0.0;1.0;47;3
2020-10-28;Noite;12.0;0.0;12.0;0.0;0.0;1.0;41;14
2020-10-28;Noite;15.0;0.0;15.0;0.0;0.0;1.0;47;14
2020-10-28;Noite;15.0;0.0;15.0;0.0;0.0;1.0;47;14
2020-10-28;Noite;15.0;0.0;15.0;0.0;0.0;1.0;47;14
2020-10-28;Noite;14.0;1.0;0.0;0.0;0.0;1.0;48;3
2020-10-28;Noite;12.0;1.0;0.0;0.0;0.0;1.0;7;1
2020-10-28;Noite;14.0;1.0;0.0;0.0;0.0;1.0;48;3
2020-10-29;Manhã;13.0;1.0;0.0;0.0;0.0;1.0;20;2
2020-10-29;Manhã;13.0;1.0;0.0;0.0;0.0;1.0;20;2
2020-10-29;Manhã;13.0;1.0;0.0;0.0;0.0;1.0;20;2
2020-10-29;Manhã;13.0;1.0;0.0;0.0;0.0;1.0;20;2
2020-10-29;Manhã;13.0;1.0;0.0;0.0;0.0;1.0;20;2
2020-10-29;Manhã;12.0;1.0;0.0;0.0;0.0;1.0;7;1
2020-10-29;Noite;13.0;1.0;0.0;0.0;0.0;1.0;20;2
2020-10-30;Manhã;0.0;1.0;0.0;0.4;0.0;1.0;23;2
2020-10-30;Manhã;12.0;1.0;0.0;0.5;0.0;1.0;41;14
2020-10-30;Manhã;15.0;1.0;0.0;0.0;0.0;1.0;23;2
2020-10-30;Manhã;14.0;1.0;0.0;0.0;0.0;1.0;9;9
2020-10-30;Noite;14.0;1.0;0.0;0.0;0.0;1.0;9;1
2020-10-31;Manhã;13.0;1.0;0.0;0.0;3.0;1.0;20;1
2020-10-31;Manhã;12.0;1.0;0.0;0.9;0.0;1.0;7;1
2020-10-31;Manhã;14.0;0.0;0.0;0.0;0.0;1.0;9;8
2020-10-31;Manhã;15.0;0.0;0.0;0.0;0.0;1.0;23;2
2020-11-01;Manhã;15.0;1.0;0.0;0.0;3.0;1.0;23;1
2020-11-01;Manhã;14.0;1.0;0.0;0.0;0.0;1.0;33;8
2020-11-01;Noite;15.0;1.0;0.0;0.0;0.0;1.0;23;1
2020-11-01;Noite;14.0;1.0;0.0;0.0;0.0;1.0;8;1
2020-11-02;Manhã;12.0;1.0;0.0;0.0;0.0;1.0;7;2
2020-11-02;Manhã;14.0;1.0;0.0;0.0;0.0;1.0;33;6
2020-11-02;Manhã;15.0;0.0;9.0;0.0;0.0;1.0;23;2
2020-11-03;Manhã;15.0;1.0;0.0;0.0;0.0;1.0;23;2
2020-11-03;Manhã;0.0;1.0;0.0;0.0;0.0;1.0;33;8
2020-11-03;Manhã;0.0;1.0;0.0;0.0;0.0;1.0;23;2
2020-11-03;Manhã;15.0;1.0;0.0;0.4;0.0;1.0;23;8
2020-11-03;Noite;15.0;1.0;0.0;0.0;0.0;1.0;23;1
2020-11-03;Noite;15.0;1.0;0.0;0.0;0.0;1.0;23;1
2020-11-04;Manhã;14.0;1.0;0.0;0.0;0.0;1.0;37;14
2020-11-04;Noite;15.0;1.0;0.0;0.0;0.0;1.0;41;2
2020-11-06;Manhã;14.0;1.0;0.0;0.0;0.0;1.0;5;5
2020-11-06;Manhã;12.0;0.0;12.0;0.0;0.0;1.0;41;14
2020-11-06;Manhã;15.0;1.0;0.0;0.0;0.0;1.0;6;2
2020-11-06;Noite;16.0;1.0;0.0;0.0;0.0;1.0;5;2
2020-11-07;Manhã;13.0;1.0;0.0;0.0;0.0;1.0;20;2
2020-11-07;Manhã;15.0;1.0;0.0;0.0;0.0;1.0;6;2
2020-11-07;Manhã;16.0;1.0;0.0;0.0;0.0;1.0;5;2
2020-11-07;Manhã;16.0;1.0;0.0;0.0;0.0;1.0;5;5
2020-11-07;Manhã;16.0;1.0;0.0;0.0;0.0;1.0;5;9
2020-11-07;Noite;13.0;1.0;0.0;0.4;0.0;1.0;20;2
2020-11-08;Manhã;12.0;1.0;0.0;0.0;0.0;1.0;41;14
2020-11-08;Manhã;12.0;1.0;0.0;0.8;0.0;1.0;7;2
2020-11-08;Manhã;15.0;1.0;0.0;0.0;0.0;1.0;23;2
2020-11-08;Manhã;12.0;1.0;0.0;0.0;3.0;1.0;34;2
2020-11-08;Manhã;12.0;1.0;0.0;0.0;0.0;1.0;34;2
2020-11-08;Manhã;15.0;1.0;0.0;0.0;0.0;1.0;23;1
2020-11-09;Manhã;15.0;1.0;0.0;0.0;0.0;1.0;48;14
2020-11-10;Manhã;15.0;1.0;0.0;0.0;3.0;1.0;48;2
2020-11-10;Manhã;15.0;1.0;0.0;0.5;0.0;1.0;48;3
2020-11-10;Manhã;12.0;1.0;0.0;0.0;0.0;1.0;41;14
2020-11-10;Manhã;12.0;1.0;0.0;0.0;0.0;1.0;7;2
2020-11-10;Noite;14.0;1.0;0.0;0.0;0.0;1.0;33;14
2020-11-10;Noite;14.0;1.0;0.0;0.0;0.0;1.0;33;1
2020-11-10;Noite;12.0;1.0;0.0;0.0;0.0;1.0;7;2
2020-11-11;Noite;14.0;1.0;0.0;0.0;0.0;1.0;33;14
2020-11-11;Noite;14.0;1.0;0.0;0.0;0.0;1.0;33;2
2020-11-13;Manhã;15.0;1.0;0.0;0.0;0.0;1.0;23;2
2020-11-13;Manhã;0.0;1.0;0.0;0.0;0.0;1.0;23;2
2020-11-13;Manhã;15.0;1.0;0.0;0.0;0.0;1.0;23;2
2020-11-13;Manhã;12.0;1.0;0.0;0.0;0.0;1.0;7;2
2020-11-14;Manhã;13.0;1.0;0.0;0.0;0.0;1.0;20;1
2020-11-14;Manhã;13.0;1.0;0.0;0.0;0.0;1.0;20;1
2020-11-14;Manhã;15.0;1.0;0.0;0.0;0.0;1.0;23;2
2020-11-14;Manhã;15.0;1.0;0.0;0.0;0.0;1.0;23;2
2020-11-14;Manhã;15.0;1.0;0.0;0.4;0.0;1.0;23;2
2020-11-14;Manhã;15.0;1.0;0.0;0.0;0.0;1.0;23;2
2020-11-14;Manhã;10.0;1.0;0.0;0.0;0.0;1.0;7;1
2020-11-14;Manhã;15.0;1.0;0.0;0.0;0.0;1.0;23;2
2020-11-15;Manhã;15.0;1.0;0.0;0.0;3.0;1.0;23;2
2020-11-15;Manhã;15.0;1.0;0.0;0.0;0.0;1.0;23;1
2020-11-15;Manhã;15.0;1.0;0.0;0.45;0.0;1.0;23;1
2020-11-15;Manhã;12.0;1.0;0.0;0.0;0.0;1.0;41;14
2020-11-15;Manhã;12.0;1.0;0.0;0.0;0.0;1.0;7;2
2020-11-15;Manhã;12.0;1.0;0.0;0.0;0.0;1.0;7;2
2020-11-15;Manhã;15.0;1.0;0.0;0.0;0.0;1.0;23;2
2020-11-17;Manhã;12.0;1.0;0.0;0.0;0.0;1.0;30;8
2020-11-17;Manhã;13.0;1.0;0.0;0.0;0.0;1.0;20;8
2020-11-17;Manhã;13.0;1.0;0.0;0.0;0.0;1.0;20;9
2020-11-19;Manhã;13.0;1.0;0.0;0.0;0.0;1.0;22;2
2020-11-19;Manhã;13.0;1.0;0.0;0.4;0.0;1.0;20;2
2020-11-19;Manhã;0.0;1.0;0.0;0.0;0.0;1.0;7;2
2020-11-19;Manhã;13.0;1.0;0.0;0.0;0.0;1.0;22;8
2020-11-20;Manhã;15.0;1.0;0.0;0.0;3.0;1.0;47;14
2020-11-20;Manhã;13.0;1.0;0.0;0.0;0.0;1.0;30;1
2020-11-20;Manhã;13.0;1.0;0.0;0.7;0.0;1.0;20;8
2020-11-20;Manhã;15.0;1.0;0.0;0.0;0.0;1.0;48;8
2020-11-20;Manhã;0.0;1.0;0.0;0.0;0.0;1.0;20;2
2020-11-21;Manhã;15.0;1.0;0.0;0.0;0.0;1.0;48;1
2020-11-21;Manhã;15.0;1.0;0.0;0.0;0.0;1.0;48;1
2020-11-21;Manhã;12.0;1.0;0.0;0.0;3.0;1.0;41;14
2020-11-21;Manhã;13.0;1.0;0.0;0.0;3.0;1.0;20;8
2020-11-21;Manhã;6.0;1.0;0.0;0.0;0.0;1.0;41;14
2020-11-21;Manhã;15.0;1.0;0.0;0.0;0.0;1.0;48;14
2020-11-21;Noite;15.0;1.0;0.0;0.0;0.0;1.0;48;14
2020-11-22;Manhã;12.0;1.0;0.0;0.0;3.0;1.0;41;14
2020-11-22;Manhã;15.0;1.0;0.0;0.0;0.0;1.0;23;2
2020-11-22;Manhã;13.0;1.0;0.0;0.0;0.0;1.0;20;2
2020-11-22;Manhã;14.0;1.0;0.0;0.7;0.0;1.0;23;1
2020-11-23;Noite;13.0;0.0;2.0;0.0;0.0;1.0;48;14
2020-11-23;Noite;15.0;1.0;0.0;0.0;0.0;1.0;23;1
2020-11-24;Noite;13.0;0.0;13.0;0.0;0.0;1.0;27;14
2020-11-24;Noite;15.0;1.0;0.0;0.0;0.0;1.0;23;1
2020-11-25;Manhã;12.0;1.0;0.0;0.8;0.0;1.0;41;14
2020-11-25;Manhã;12.0;1.0;0.0;0.0;0.0;1.0;41;14
2020-11-25;Manhã;12.0;1.0;0.0;0.0;0.0;1.0;7;2
2020-11-25;Manhã;13.0;1.0;0.0;0.0;0.0;1.0;27;1
2020-11-26;Manhã;14.0;1.0;0.0;0.0;0.0;1.0;8;14
2020-11-26;Manhã;12.0;0.0;0.0;0.0;0.0;1.0;41;14
2020-11-26;Manhã;14.0;1.0;0.0;0.0;0.0;1.0;8;2
2020-11-26;Manhã;14.0;1.0;0.0;0.0;2.0;1.0;8;2
2020-11-26;Manhã;14.0;1.0;0.0;0.0;0.0;1.0;8;2
2020-11-26;Manhã;14.0;1.0;0.0;0.0;0.0;1.0;8;5
2020-11-26;Manhã;14.0;1.0;0.0;0.0;0.0;1.0;8;5
2020-11-26;Noite;6.0;1.0;0.0;0.0;0.0;1.0;27;14
2020-11-26;Noite;12.0;1.0;0.0;0.5;0.0;1.0;41;14
2020-11-26;Noite;14.0;0.0;0.0;0.0;0.0;1.0;27;14
2020-11-27;Manhã;12.0;1.0;0.0;0.0;0.0;1.0;7;2
2020-11-27;Manhã;12.0;1.0;0.0;0.0;3.0;1.0;7;1
2020-11-28;Manhã;13.0;1.0;0.0;0.0;0.0;1.0;20;2
2020-11-28;Manhã;15.0;1.0;0.0;0.0;3.0;1.0;23;5
2020-11-28;Manhã;15.0;1.0;0.0;0.0;0.0;1.0;23;2
2020-11-28;Manhã;15.0;1.0;0.0;0.0;0.0;1.0;23;1
2020-11-28;Manhã;13.0;1.0;0.0;0.0;0.0;1.0;20;2
2020-11-28;Manhã;15.0;1.0;0.0;0.0;0.0;1.0;23;2
2020-11-28;Manhã;12.0;1.0;0.0;0.0;0.0;1.0;7;2
2020-11-29;Manhã;13.0;1.0;0.0;0.0;3.0;1.0;20;2
2020-11-29;Manhã;15.0;1.0;0.0;0.0;0.0;1.0;48;14
2020-11-29;Manhã;12.0;1.0;0.0;0.0;0.0;1.0;7;2
2020-11-29;Manhã;12.0;1.0;0.0;0.0;0.0;1.0;7;2
2020-11-29;Manhã;12.0;1.0;0.0;0.0;0.0;1.0;7;2
2020-11-29;Manhã;13.0;1.0;0.0;0.0;0.0;1.0;20;2
2020-11-30;Manhã;12.0;1.0;0.0;0.0;0.0;1.0;7;2
2020-11-30;Manhã;15.0;1.0;0.0;0.0;0.0;1.0;48;14
2020-11-30;Noite;0.0;1.0;0.0;0.0;0.0;1.0;20;2
2020-12-04;Manhã;0.0;1.0;0.0;0.0;0.0;1.0;7;2
2020-12-05;Manhã;15.0;1.0;0.0;0.0;0.0;1.0;23;2
2020-12-05;Manhã;15.9;0.0;15.9;0.0;0.0;1.0;23;2
2020-12-05;Manhã;15.0;0.0;15.0;0.0;0.0;1.0;13;1
2020-12-05;Manhã;15.0;1.0;0.0;0.0;0.0;1.0;23;2
2020-12-05;Manhã;15.0;1.0;0.0;1.0;0.0;1.0;23;2
2020-12-05;Manhã;10.0;1.0;0.0;0.0;0.0;1.0;42;14
2020-12-06;Manhã;15.0;1.0;0.0;0.0;0.0;1.0;48;14
2020-12-06;Manhã;12.0;1.0;0.0;0.0;0.0;1.0;7;8
2020-12-06;Manhã;14.0;1.0;0.0;0.0;0.0;1.0;13;2
2020-12-06;Manhã;17.0;1.0;0.0;0.0;0.0;1.0;13;2
2020-12-06;Manhã;18.0;1.0;0.0;0.0;0.0;1.0;13;5
2020-12-06;Manhã;15.0;1.0;0.0;0.0;0.0;1.0;41;14
2020-12-06;Noite;15.0;1.0;0.0;0.0;0.0;1.0;41;14
2020-12-06;Noite;16.0;1.0;0.0;0.0;0.0;1.0;20;2
2020-12-08;Manhã;12.0;1.0;0.0;0.0;0.0;1.0;7;2
2020-12-08;Manhã;16.0;1.0;0.0;0.0;0.0;1.0;20;14
2020-12-08;Manhã;16.0;1.0;0.0;0.0;0.0;1.0;20;14
2020-12-08;Manhã;14.0;1.0;0.0;0.0;0.0;1.0;7;14
2020-12-09;Manhã;17.0;1.0;0.0;0.0;0.0;1.0;23;2
2020-12-10;Manhã;12.0;1.0;0.0;0.0;0.0;1.0;7;2
2020-12-11;Manhã;15.0;0.0;15.0;0.0;0.0;1.0;23;2
2020-12-11;Manhã;12.0;1.0;0.0;0.0;0.0;1.0;7;2
2020-12-11;Noite;15.0;1.0;0.0;0.0;0.0;1.0;20;2
2020-12-11;Noite;15.0;1.0;0.0;0.0;0.0;1.0;20;5
2020-12-11;Noite;0.5;1.0;0.0;0.0;0.0;50.0;43;14
2020-12-12;Manhã;18.0;1.0;0.0;0.0;0.0;1.0;13;1
2020-12-12;Manhã;15.0;1.0;0.0;0.0;0.0;1.0;23;2
2020-12-12;Manhã;15.0;1.0;0.0;0.0;0.0;1.0;48;2
2020-12-12;Manhã;15.0;1.0;0.0;0.0;0.0;1.0;23;2
2020-12-13;Noite;15.0;1.0;0.0;0.0;0.0;1.0;42;14
2020-12-15;Manhã;15.0;1.0;0.0;0.0;0.0;1.0;48;2
2020-12-16;Manhã;15.0;1.0;0.0;0.0;0.0;1.0;48;2
2020-12-16;Noite;0.0;1.0;0.0;0.0;0.0;1.0;23;2
2020-12-16;Noite;0.0;1.0;0.0;0.0;0.0;1.0;23;1
2020-12-17;Manhã;11.0;1.0;0.0;0.0;0.0;1.0;42;14
2020-12-18;Manhã;12.0;1.0;0.0;0.0;0.0;1.0;19;14
2020-12-18;Manhã;15.0;1.0;0.0;0.0;0.0;1.0;48;14
2020-12-18;Manhã;20.0;1.0;0.0;0.0;0.0;1.0;17;4
2020-12-18;Manhã;15.0;1.0;0.0;0.0;0.0;1.0;23;2
2020-12-18;Manhã;15.0;1.0;0.0;0.0;0.0;1.0;23;2
2020-12-19;Manhã;15.0;1.0;0.0;0.0;0.0;1.0;23;2
2020-12-19;Manhã;17.0;1.0;0.0;0.0;0.0;1.0;17;4
2020-12-19;Manhã;12.0;0.0;12.0;0.0;0.0;1.0;7;1
2020-12-20;Manhã;13.0;1.0;0.0;0.0;0.0;1.0;20;2
2020-12-20;Manhã;13.0;1.0;0.0;0.0;0.0;1.0;20;2
2020-12-20;Manhã;13.0;1.0;0.0;0.0;0.0;1.0;20;2
2020-12-20;Manhã;15.0;1.0;0.0;0.0;0.0;1.0;23;2
2020-12-20;Manhã;15.0;1.0;0.0;0.0;0.0;1.0;23;2
2020-12-20;Manhã;17.0;1.0;0.0;0.0;0.0;1.0;17;4
2020-12-21;Manhã;15.0;1.0;0.0;0.0;0.0;1.0;23;1
2020-12-21;Manhã;21.99;1.0;0.0;1.01;0.0;1.0;13;14
2020-12-21;Noite;15.0;0.0;0.0;0.0;0.0;1.0;23;2
2020-12-21;Noite;13.0;0.0;0.0;0.0;0.0;1.0;20;5
2020-12-21;Noite;0.0;1.0;0.0;0.0;0.0;1.0;7;1
2020-12-23;Manhã;17.0;1.0;0.0;4.0;0.0;1.0;13;8
2020-12-23;Manhã;17.0;1.0;0.0;0.0;0.0;1.0;13;2
2020-12-23;Manhã;15.0;1.0;0.0;0.0;0.0;1.0;23;2
2020-12-24;Manhã;13.0;1.0;0.0;0.0;0.0;1.0;20;2
2020-12-24;Manhã;13.0;1.0;0.0;0.0;0.0;1.0;20;2
2020-12-24;Manhã;4.0;1.0;0.0;0.0;0.0;1.0;21;14
2020-12-24;Manhã;15.0;1.0;0.0;0.0;0.0;1.0;7;1
2020-12-27;Noite;15.0;1.0;0.0;0.0;0.0;1.0;23;14
2020-12-27;Noite;17.0;1.0;0.0;0.0;0.0;1.0;3;2
2020-12-29;Manhã;13.0;1.0;0.0;0.0;0.0;1.0;7;2
2020-12-29;Manhã;15.0;1.0;0.0;1.5;0.0;1.0;23;2
2020-12-30;Manhã;13.0;1.0;0.0;0.4;0.0;1.0;20;2
2020-12-30;Manhã;17.0;1.0;0.0;0.5;0.0;1.0;13;1
2020-12-30;Manhã;13.0;1.0;0.0;0.0;0.0;1.0;20;2
2020-12-31;Manhã;13.0;1.0;0.0;0.0;0.0;1.0;7;5
2020-12-31;Manhã;17.0;1.0;0.0;0.0;0.0;1.0;13;5
2020-12-31;Manhã;14.0;0.0;14.0;0.0;0.0;1.0;41;14
2020-12-31;Manhã;6.0;1.0;0.0;0.0;0.0;1.0;7;2
2021-01-02;Manhã;15.0;1.0;0.0;0.0;0.0;1.0;48;14
2021-01-02;Manhã;15.0;1.0;0.0;0.0;0.0;1.0;48;14
2021-01-02;Manhã;15.0;1.0;0.0;0.0;0.0;1.0;7;2
2021-01-03;Manhã;15.0;1.0;0.0;0.0;0.0;1.0;23;5
2021-01-03;Manhã;15.0;1.0;0.0;0.0;0.0;1.0;23;5
2021-01-03;Manhã;15.0;1.0;0.0;0.0;0.0;1.0;23;14
2021-01-03;Manhã;15.0;1.0;0.0;0.0;0.0;1.0;23;5
2021-01-04;Manhã;15.0;1.0;0.0;0.0;0.0;1.0;23;2
2021-01-05;Manhã;15.0;1.0;0.0;0.0;0.0;1.0;23;2
2021-01-06;Noite;14.0;1.0;0.0;0.0;0.0;1.0;20;2
2021-01-06;Noite;14.0;1.0;0.0;0.0;0.0;1.0;20;2
2021-01-07;Manhã;15.0;1.0;0.0;0.0;0.0;1.0;23;2
2021-01-08;Manhã;13.0;1.0;0.0;0.0;0.0;1.0;7;13
2021-01-08;Manhã;15.0;1.0;0.0;0.0;0.0;1.0;23;13
2021-01-08;Manhã;15.0;1.0;0.0;0.0;0.0;1.0;23;2
2021-01-08;Manhã;14.0;1.0;0.0;0.0;0.0;1.0;20;2
2021-01-08;Manhã;15.0;1.0;0.0;0.0;0.0;1.0;23;13
2021-01-08;Manhã;15.0;1.0;0.0;0.0;0.0;1.0;42;14
2021-01-08;Noite;7.5;0.0;7.5;0.0;0.0;1.0;10;8
2021-01-08;Noite;15.0;1.0;15.0;0.0;0.0;1.0;42;14
2021-01-09;Manhã;14.0;1.0;0.0;0.0;0.0;1.0;20;14
2021-01-09;Manhã;13.0;1.0;0.0;0.0;0.0;1.0;7;8
2021-01-09;Manhã;15.0;1.0;0.0;0.0;0.0;1.0;11;5
2021-01-09;Manhã;15.0;1.0;0.0;0.0;0.0;1.0;23;13
2021-01-09;Manhã;14.4;1.0;0.0;0.4;0.0;1.0;22;13
2021-01-09;Manhã;15.0;1.0;0.0;0.0;0.0;1.0;23;8
2021-01-10;Manhã;14.0;1.0;0.0;0.0;0.0;1.0;20;2
2021-01-10;Manhã;14.0;1.0;0.0;0.0;0.0;1.0;20;2
2021-01-10;Manhã;15.0;1.0;0.0;0.0;0.0;1.0;11;5
2021-01-11;Manhã;15.0;1.0;0.0;0.0;0.0;1.0;23;13
2021-01-11;Manhã;15.0;1.0;0.0;0.0;0.0;1.0;23;2
2021-01-11;Noite;15.0;1.0;0.0;0.0;0.0;1.0;48;14
2021-01-11;Noite;15.0;0.0;17.0;0.0;0.0;1.0;23;2
2021-01-11;Noite;7.0;1.0;0.0;0.0;0.0;1.0;24;14
2021-01-12;Manhã;14.0;1.0;0.0;0.0;0.0;1.0;22;1
2021-01-12;Manhã;14.0;1.0;0.0;0.0;0.0;1.0;28;9
2021-01-14;Manhã;15.0;1.0;0.0;0.0;0.0;1.0;9;5
2021-01-14;Manhã;15.0;1.0;0.0;0.0;0.0;1.0;9;5
2021-01-14;Manhã;15.0;1.0;0.0;0.0;0.0;1.0;9;2
2021-01-14;Manhã;15.0;1.0;0.0;0.0;0.0;1.0;23;2
2021-01-14;Manhã;15.0;1.0;0.0;0.0;0.0;1.0;23;8
2021-01-15;Manhã;15.4;1.0;0.0;0.4;0.0;1.0;23;9
2021-01-15;Manhã;14.4;1.0;0.0;0.4;0.0;1.0;7;2
2021-01-15;Manhã;10.0;1.0;0.0;0.0;0.0;1.0;22;8
2021-01-15;Manhã;15.0;1.0;0.0;0.0;0.0;1.0;42;14
2021-01-15;Manhã;5.0;1.0;0.0;0.0;0.0;1.0;11;14
2021-01-16;Manhã;15.0;1.0;0.0;0.0;0.0;1.0;23;5
2021-01-16;Manhã;17.0;1.0;0.0;0.0;0.0;1.0;13;4
2021-01-16;Manhã;14.0;1.0;0.0;0.0;0.0;1.0;20;2
2021-01-16;Manhã;10.0;1.0;0.0;0.0;0.0;1.0;22;8
2020-01-17;Manhã;14.0;1.0;0.0;0.0;0.0;1.0;20;5
2020-01-17;Manhã;14.0;1.0;0.0;0.0;0.0;1.0;20;5
2020-01-17;Manhã;10.0;1.0;0.0;0.0;0.0;1.0;22;13
2020-01-17;Manhã;15.0;1.0;0.0;0.0;0.0;1.0;23;2
2020-01-17;Manhã;14.0;1.0;0.0;0.0;0.0;1.0;20;2
2020-01-17;Noite;16.0;1.0;0.0;0.0;0.0;1.0;42;14
2021-01-18;Manhã;14.0;1.0;0.0;0.0;0.0;1.0;22;13
2021-01-18;Manhã;15.0;1.0;0.0;0.0;0.0;1.0;23;9
2021-01-18;Manhã;14.0;1.0;0.0;0.0;0.0;1.0;22;13
2021-01-19;Manhã;15.0;1.0;0.0;0.0;0.0;1.0;23;2
2021-01-20;Manhã;17.0;1.0;0.0;0.0;0.0;1.0;13;2
2021-01-21;Manhã;17.0;1.0;0.0;0.0;0.0;1.0;13;1
2021-01-21;Manhã;15.0;1.0;0.0;0.0;0.0;1.0;23;5
2021-01-21;Manhã;15.4;1.0;0.0;0.0;0.0;1.0;23;5
2021-01-21;Manhã;14.0;1.0;0.0;0.0;0.0;1.0;20;8
2021-01-21;Manhã;15.0;1.0;0.0;0.0;0.0;1.0;23;5
2021-01-21;Noite;15.0;0.0;0.0;0.0;0.0;1.0;11;1
2021-01-21;Noite;15.0;0.0;0.0;0.0;0.0;1.0;11;5
2021-01-22;Manhã;15.0;1.0;0.0;0.0;0.0;1.0;23;5
2021-01-22;Manhã;14.0;1.0;0.0;0.4;0.0;1.0;7;5
2021-01-22;Manhã;15.0;1.0;0.0;0.0;0.0;1.0;23;5
2021-01-22;Manhã;15.0;1.0;0.0;0.0;0.0;1.0;23;1
2021-01-22;Manhã;15.0;1.0;0.0;0.0;0.0;1.0;23;2
2021-01-22;Manhã;15.0;1.0;0.0;0.4;0.0;1.0;11;5
2021-01-22;Noite;14.0;1.0;0.0;0.0;0.0;1.0;7;2
2021-01-22;Noite;10.0;1.0;0.0;0.0;0.0;1.0;33;14
2021-01-23;Manhã;32.0;1.0;0.0;0.0;0.0;1.0;23;14
2021-01-23;Manhã;14.0;1.0;0.0;0.4;0.0;1.0;7;2
2021-01-23;Manhã;14.0;1.0;0.0;0.4;0.0;1.0;7;2
2021-01-24;Manhã;15.0;1.0;0.0;0.0;0.0;1.0;11;2
2021-01-24;Manhã;15.0;1.0;0.0;0.0;0.0;1.0;23;2
2021-01-24;Manhã;15.0;1.0;0.0;0.0;0.0;1.0;23;2
2021-01-24;Manhã;15.0;1.0;0.0;0.0;0.0;1.0;23;2
2021-01-24;Noite;15.0;1.0;0.0;0.0;0.0;1.0;23;2
2021-01-25;Manhã;14.0;1.0;0.0;0.0;0.0;1.0;20;5
2021-01-25;Manhã;14.0;1.0;0.0;0.0;0.0;1.0;20;5
2021-01-26;Manhã;14.0;1.0;0.0;0.0;0.0;1.0;7;8
2021-01-26;Manhã;15.0;1.0;0.0;0.4;0.0;1.0;23;9
2021-01-27;Manhã;14.0;1.0;0.0;0.0;0.0;1.0;20;2
2021-01-27;Noite;15.0;1.0;0.0;0.0;0.0;1.0;11;5
2021-01-28;Manhã;15.0;1.0;0.0;0.0;0.0;1.0;23;14
2021-01-28;Manhã;15.0;1.0;0.0;0.4;0.0;1.0;23;2
2021-01-28;Manhã;15.0;1.0;0.0;0.4;0.0;1.0;23;2
2021-01-28;Manhã;14.0;1.0;0.0;0.0;0.0;1.0;7;2
2021-01-28;Manhã;15.0;1.0;0.0;0.0;0.0;1.0;20;2
2021-01-28;Manhã;15.0;1.0;0.0;0.0;0.0;1.0;20;2
2021-01-28;Noite;18.0;1.0;0.0;0.0;0.0;1.0;13;2
2021-01-29;Manhã;16.0;1.0;0.0;0.0;0.0;1.0;47;14
2021-01-29;Manhã;15.0;1.0;0.0;0.0;0.0;1.0;48;2
2021-01-29;Manhã;10.0;1.0;0.0;0.0;0.0;1.0;48;14
2021-01-29;Manhã;15.0;1.0;0.0;0.0;0.0;1.0;23;2
2021-01-29;Manhã;14.0;1.0;0.0;0.4;0.0;1.0;7;2
2021-01-29;Manhã;14.0;1.0;0.0;0.0;0.0;1.0;20;5
2021-01-29;Noite;18.0;1.0;0.0;0.0;0.0;1.0;3;2
2021-01-30;Manhã;20.0;1.0;0.0;0.0;0.0;1.0;1;14
2021-01-30;Manhã;14.0;1.0;0.0;0.0;0.0;1.0;7;2
2021-01-30;Manhã;16.0;1.0;0.0;0.0;0.0;1.0;47;14
2021-01-30;Manhã;17.0;1.0;0.0;0.0;0.0;1.0;1;2
2021-01-31;Manhã;14.0;1.0;0.0;0.0;0.0;1.0;20;5
2021-01-31;Manhã;17.0;1.0;0.0;0.0;0.0;1.0;11;13
2021-01-31;Manhã;14.0;1.0;0.0;0.0;0.0;1.0;7;2
2021-01-31;Manhã;15.0;1.0;0.0;0.0;0.0;1.0;23;5
2021-02-01;Manhã;14.0;1.0;0.0;0.0;0.0;1.0;20;5
2021-02-01;Manhã;15.0;1.0;0.0;0.0;0.0;1.0;23;9
2021-02-01;Noite;14.0;1.0;0.0;0.0;0.0;1.0;20;2
2021-02-01;Noite;15.0;1.0;0.0;0.0;0.0;1.0;23;2
2021-02-02;Noite;15.0;1.0;0.0;0.0;0.0;1.0;23;2
2021-02-02;Noite;15.0;1.0;0.0;0.0;0.0;1.0;9;8
2021-02-02;Manhã;15.0;1.0;0.0;0.0;0.0;1.0;23;5
2021-02-02;Manhã;15.0;1.0;0.0;0.0;0.0;1.0;23;2
2021-02-03;Manhã;15.0;1.0;0.0;0.0;0.0;1.0;23;8
2021-02-03;Manhã;7.0;1.0;0.0;0.0;0.0;1.0;7;5
2021-02-03;Manhã;15.0;1.0;0.0;0.0;0.0;1.0;9;8
2021-02-03;Manhã;15.0;1.0;0.0;0.0;0.0;1.0;23;2
2021-02-03;Noite;8.0;1.0;0.0;0.2;0.0;1.0;20;5
2021-02-03;Noite;8.0;1.0;0.0;0.2;0.0;1.0;20;5
2021-02-04;Manhã;15.0;1.0;0.0;0.0;0.0;1.0;23;8
2021-02-04;Manhã;15.0;1.0;0.0;0.0;0.0;1.0;23;2
2021-02-04;Manhã;15.0;1.0;0.0;0.0;0.0;1.0;48;2
2021-02-04;Manhã;14.0;1.0;0.0;0.0;0.0;1.0;7;8
2021-02-05;Manhã;15.0;1.0;0.0;0.0;0.0;1.0;48;8
2021-02-05;Noite;17.0;1.0;0.0;0.0;0.0;1.0;49;14
2021-02-05;Noite;17.0;1.0;0.0;0.0;0.0;1.0;3;5
2021-02-05;Noite;15.0;1.0;0.0;0.0;0.0;1.0;23;5
2021-02-05;Noite;15.0;1.0;0.0;0.0;0.0;1.0;23;5
2021-02-05;Noite;21.99;1.0;0.0;0.0;0.0;1.0;13;5
2021-02-05;Noite;18.0;1.0;0.0;0.0;0.0;1.0;42;14
2021-02-06;Manhã;14.0;1.0;0.0;0.0;0.0;1.0;7;2
2021-02-06;Manhã;16.0;1.0;0.0;0.0;0.0;1.0;1;2
2021-02-06;Manhã;14.0;1.0;0.0;0.4;0.0;1.0;7;2
2021-02-06;Manhã;17.0;1.0;0.0;0.0;0.0;1.0;3;2
2021-02-06;Manhã;17.0;1.0;0.0;0.0;0.0;1.0;13;5
2021-02-06;Manhã;15.0;1.0;0.0;0.0;0.0;1.0;23;5
2021-02-06;Manhã;16.0;1.0;0.0;0.0;0.0;1.0;1;5
2021-02-06;Manhã;14.0;1.0;0.0;0.0;0.0;1.0;22;8
2021-02-06;Manhã;17.0;1.0;0.0;0.0;0.0;1.0;13;8
2021-02-06;Noite;15.0;0.0;15.0;0.0;0.0;1.0;7;1
2021-02-07;Manhã;17.0;1.0;0.0;0.0;0.0;1.0;13;2
2021-02-07;Manhã;15.0;1.0;0.0;0.0;0.0;1.0;23;8
2021-02-07;Manhã;17.0;1.0;0.0;0.0;0.0;1.0;1;8
2021-02-07;Manhã;16.0;1.0;0.0;0.0;0.0;1.0;1;2
2021-02-07;Manhã;17.0;1.0;0.0;0.0;0.0;1.0;3;8
2021-02-07;Noite;16.0;1.0;0.0;0.0;0.0;1.0;48;2
2021-02-09;Manhã;14.0;1.0;0.0;0.4;0.0;1.0;7;2
2021-02-09;Manhã;16.0;1.0;0.0;0.0;0.0;1.0;23;5
2021-02-09;Manhã;16.0;1.0;16.0;0.0;0.0;1.0;9;8
2021-02-09;Manhã;16.0;0.0;16.0;0.0;0.0;1.0;9;8
2021-02-10;Manhã;15.0;1.0;0.0;0.0;0.0;1.0;23;5
2021-02-10;Manhã;17.0;1.0;0.0;0.9;0.0;1.0;1;2
2021-02-10;Manhã;15.0;1.0;0.0;0.0;0.0;1.0;23;5
2021-02-11;Manhã;15.0;1.0;0.0;0.0;0.0;1.0;23;5
2021-02-11;Manhã;17.0;1.0;0.0;0.0;0.0;1.0;20;2
2021-02-12;Manhã;15.0;1.0;0.0;1.0;0.0;1.0;23;2
2021-02-12;Manhã;15.0;1.0;0.0;5.0;0.0;1.0;23;8
2021-02-13;Manhã;15.0;1.0;0.0;0.0;0.0;1.0;20;2
2021-02-13;Manhã;14.0;1.0;0.0;0.0;0.0;1.0;22;5
2021-02-13;Manhã;14.0;1.0;0.0;0.0;0.0;1.0;7;2
2021-02-13;Noite;15.0;1.0;0.0;0.0;0.0;1.0;23;2
2021-02-13;Noite;15.0;1.0;0.0;0.0;0.0;1.0;23;2
2021-02-14;Manhã;17.0;1.0;0.0;0.0;0.0;1.0;17;4
2021-02-14;Manhã;17.0;1.0;0.0;0.0;0.0;1.0;17;4
2021-02-14;Manhã;16.0;1.0;0.0;0.0;0.0;1.0;9;2
2021-02-14;Manhã;14.0;1.0;0.0;0.0;0.0;1.0;20;2
2021-02-14;Manhã;17.0;0.0;17.0;0.0;0.0;1.0;17;4
2021-02-14;Manhã;17.0;0.0;17.0;0.0;0.0;1.0;17;4
2021-05-15;Manhã;5.0;1.0;0.0;0.0;0.0;1.0;41;14
2021-05-15;Manhã;14.0;1.0;0.0;0.0;0.0;1.0;20;5
2021-05-15;Manhã;15.0;0.0;15.0;0.0;0.0;1.0;41;14
2021-05-15;Manhã;21.99;0.0;21.99;0.0;0.0;1.0;3;5
2021-05-15;Manhã;21.99;0.0;21.99;0.0;0.0;1.0;3;5
2021-05-15;Noite;7.0;1.0;0.0;0.0;0.0;2.0;23;14
2021-02-16;Manhã;14.0;1.0;0.0;0.0;0.0;1.0;20;2
2021-02-16;Manhã;14.0;1.0;0.0;0.0;0.0;1.0;22;5
2021-02-16;Manhã;14.0;1.0;0.0;0.0;0.0;1.0;20;2
2021-02-17;Manhã;15.0;1.0;0.0;0.0;0.0;1.0;23;5
2021-02-17;Manhã;14.0;1.0;0.0;0.0;0.0;1.0;20;2
2021-02-17;Manhã;15.0;1.0;0.0;0.0;0.0;1.0;23;2
2021-02-18;Manhã;17.85;1.0;0.0;0.0;0.0;1.0;1;2
2021-02-18;Manhã;15.0;1.0;0.0;0.0;0.0;1.0;23;2
2021-02-18;Manhã;7.0;1.0;0.0;0.0;0.0;1.0;23;14
2021-02-18;Noite;17.0;1.0;0.0;0.0;0.0;1.0;3;5
2021-02-19;Manhã;15.0;1.0;0.0;0.0;0.0;1.0;23;14
2021-02-20;Manhã;17.0;1.0;0.0;0.0;0.0;1.0;1;2
2021-02-20;Manhã;15.0;0.0;15.0;0.0;0.0;1.0;23;5
2021-02-20;Manhã;15.0;0.0;15.0;0.0;0.0;1.0;23;5
2021-02-20;Noite;18.0;0.0;18.0;0.0;0.0;1.0;42;14
2021-02-21;Manhã;15.0;1.0;0.0;0.0;0.0;1.0;23;5
2021-02-21;Manhã;15.0;1.0;0.0;0.0;0.0;1.0;23;2
2021-02-21;Manhã;17.0;1.0;0.0;0.0;0.0;1.0;1;2
2021-02-21;Manhã;17.0;1.0;0.0;0.0;0.0;1.0;3;2
2021-02-21;Manhã;17.0;1.0;0.0;1.0;0.0;1.0;1;2
2021-02-21;Manhã;15.0;1.0;0.0;0.0;0.0;1.0;23;2
2021-02-22;Manhã;14.0;1.0;0.0;0.4;0.0;1.0;20;2
2021-02-23;Manhã;16.0;1.0;0.0;0.0;0.0;1.0;23;1
2021-02-23;Noite;17.0;1.0;0.0;0.0;0.0;1.0;1;5
2021-02-23;Noite;15.0;1.0;0.0;0.0;0.0;1.0;22;9
2021-02-24;Manhã;18.0;1.0;0.0;0.0;0.0;1.0;3;2
2021-02-24;Manhã;18.0;1.0;0.0;0.0;0.0;1.0;3;2
2021-02-24;Manhã;15.0;1.0;0.0;0.0;0.0;1.0;23;2
2021-02-24;Manhã;15.0;1.0;0.0;0.0;0.0;1.0;23;2
2021-02-25;Manhã;14.0;1.0;0.0;0.0;0.0;1.0;7;2
2021-02-25;Manhã;14.0;1.0;0.0;0.0;0.0;1.0;22;2
2021-02-25;Manhã;15.0;1.0;0.0;0.0;0.0;1.0;23;1
2021-02-25;Manhã;15.0;1.0;0.0;0.0;0.0;1.0;23;5
2021-02-26;Manhã;17.0;1.0;0.0;0.0;0.0;1.0;1;2
2021-02-26;Manhã;14.0;1.0;0.0;0.0;0.0;1.0;20;5
2021-02-26;Manhã;14.0;1.0;0.0;0.0;0.0;1.0;22;5
2021-02-26;Noite;16.0;1.0;0.0;0.0;0.0;1.0;27;9
2021-02-27;Manhã;17.0;1.0;0.0;0.0;0.0;1.0;1;2
2021-02-27;Manhã;15.0;1.0;0.0;0.0;0.0;1.0;23;2
2021-02-27;Manhã;14.0;0.0;0.0;0.0;0.0;1.0;7;2
2021-02-27;Manhã;15.0;1.0;0.0;0.0;0.0;1.0;23;2
2021-02-28;Manhã;17.0;1.0;0.0;0.0;0.0;1.0;1;2
2021-02-28;Manhã;17.0;1.0;0.0;0.0;0.0;1.0;1;2
2021-02-28;Manhã;16.0;1.0;0.0;0.0;0.0;1.0;42;14
2021-02-28;Manhã;18.0;1.0;0.0;0.0;0.0;1.0;3;2
2021-02-28;Manhã;15.0;1.0;0.0;0.0;0.0;1.0;42;14
2021-02-28;Manhã;15.0;1.0;0.0;0.0;0.0;1.0;48;2
2021-02-28;Noite;17.0;1.0;0.0;0.0;0.0;1.0;1;1
2021-02-28;Noite;15.0;1.0;0.0;0.0;0.0;1.0;23;5
2021-03-01;Manhã;15.0;1.0;0.0;0.0;0.0;1.0;23;5
2021-03-01;Manhã;15.0;1.0;0.0;0.0;0.0;1.0;23;5
2021-03-01;Manhã;15.0;1.0;0.0;0.0;0.0;1.0;23;2
2021-03-01;Manhã;15.0;1.0;0.0;1.5;0.0;1.0;23;8
2021-03-01;Manhã;15.0;1.0;0.0;0.0;0.0;1.0;23;8
2021-03-01;Manhã;14.0;1.0;0.0;0.0;0.0;1.0;20;2
2021-03-01;Manhã;14.0;1.0;0.0;0.0;0.0;1.0;23;5
2021-03-02;Manhã;14.0;1.0;0.0;0.0;0.0;1.0;22;2
2021-03-02;Manhã;14.0;1.0;0.0;0.0;0.0;1.0;20;8
2021-03-02;Manhã;14.0;1.0;0.0;0.0;0.0;1.0;7;2
2021-03-03;Manhã;15.0;1.0;0.0;0.0;0.0;1.0;23;2
2021-03-03;Manhã;20.0;1.0;0.0;0.0;0.0;1.0;1;8
2021-03-03;Manhã;14.0;1.0;0.0;0.0;0.0;1.0;7;2
2021-03-04;Manhã;15.0;1.0;0.0;0.0;0.0;1.0;3;8
2021-03-04;Manhã;15.0;1.0;0.0;0.0;0.0;1.0;23;8
2021-03-04;Manhã;15.0;1.0;0.0;0.0;0.0;1.0;23;8
2021-03-04;Manhã;15.0;1.0;0.0;0.0;0.0;1.0;23;5
2021-03-04;Manhã;19.0;1.0;0.0;0.0;0.0;1.0;3;2
2021-03-05;Manhã;18.0;1.0;0.0;0.0;0.0;1.0;3;2
2021-03-05;Manhã;14.0;1.0;0.0;0.9;0.0;1.0;7;2
2021-03-05;Manhã;14.0;1.0;0.0;0.0;0.0;1.0;7;2
2021-03-05;Manhã;15.0;1.0;0.0;0.0;0.0;1.0;23;5
2021-03-05;Manhã;14.0;1.0;0.0;0.0;0.0;1.0;20;2
2021-03-05;Noite;14.0;1.0;0.0;0.0;0.0;1.0;7;2
2021-03-05;Noite;15.0;1.0;0.0;0.0;0.0;1.0;3;2
2021-03-06;Manhã;17.0;1.0;0.0;0.0;0.0;1.0;1;5
2021-03-06;Manhã;17.0;1.0;0.0;0.0;0.0;1.0;1;8
2021-03-06;Manhã;15.0;1.0;0.0;0.0;0.0;1.0;23;2
2021-03-06;Manhã;14.0;1.0;0.0;0.0;0.0;1.0;20;5
2021-03-06;Manhã;17.0;1.0;0.0;0.0;0.0;1.0;1;8
2021-03-06;Manhã;15.0;1.0;0.0;0.0;0.0;1.0;23;2
2021-03-06;Manhã;15.0;1.0;0.0;0.0;0.0;1.0;23;8
2021-03-06;Manhã;18.0;1.0;0.0;0.0;0.0;1.0;3;5
2021-03-06;Manhã;18.0;1.0;0.0;0.0;0.0;1.0;3;5
2021-03-06;Manhã;14.0;1.0;0.0;0.7;0.0;1.0;7;2
2021-03-06;Manhã;14.0;1.0;0.0;0.0;0.0;1.0;20;2
2021-03-06;Manhã;14.0;1.0;0.0;0.0;0.0;1.0;20;8
2021-03-06;Noite;18.0;1.0;0.0;0.0;0.0;1.0;3;2
2021-03-07;Manhã;15.0;1.0;0.0;0.0;0.0;1.0;23;2
2021-03-07;Manhã;15.0;1.0;0.0;0.0;0.0;1.0;11;8
2021-03-07;Noite;15.0;1.0;0.0;0.0;0.0;1.0;23;2
2021-03-08;Manhã;15.0;1.0;0.0;0.0;0.0;1.0;23;2
2021-03-08;Manhã;15.0;1.0;0.0;0.0;0.0;1.0;23;2
2021-03-08;Manhã;17.0;1.0;0.0;0.0;0.0;1.0;1;2
2021-03-09;Manhã;14.4;1.0;0.0;0.0;0.0;1.0;7;2
2021-03-09;Manhã;17.0;1.0;0.0;0.0;0.0;1.0;1;2
2021-03-09;Manhã;14.0;1.0;0.0;0.0;0.0;1.0;7;5
2021-03-10;Manhã;14.0;1.0;0.0;0.7;0.0;1.0;7;2
2021-03-10;Manhã;14.0;1.0;0.0;0.0;0.0;1.0;7;8
2021-03-10;Manhã;16.0;1.0;0.0;0.0;0.0;1.0;7;7
2021-03-11;Manhã;14.0;1.0;0.0;0.0;0.0;1.0;20;8
2021-03-11;Manhã;18.0;1.0;0.0;0.0;0.0;1.0;3;2
2021-03-11;Manhã;14.0;1.0;0.0;0.0;0.0;1.0;20;5
2021-03-12;Manhã;14.0;1.0;0.0;0.0;0.0;1.0;20;2
2021-03-13;Manhã;17.0;1.0;0.0;0.0;0.0;1.0;48;14
2021-03-13;Manhã;16.0;1.0;0.0;0.0;0.0;1.0;9;9
2021-03-13;Manhã;14.0;1.0;0.0;0.4;0.0;1.0;7;2
2021-03-14;Manhã;18.0;1.0;0.0;0.0;0.0;1.0;1;5
2021-03-14;Manhã;15.0;1.0;0.0;0.0;0.0;1.0;42;14
2021-03-14;Manhã;18.0;0.0;18.0;0.0;0.0;1.0;47;14
2021-03-14;Noite;17.0;1.0;0.0;0.0;0.0;1.0;23;2
2021-03-15;Manhã;17.0;1.0;0.0;0.0;0.0;1.0;47;14
2021-03-15;Manhã;16.0;1.0;0.0;0.0;0.0;1.0;3;14
2021-03-15;Manhã;16.0;1.0;0.0;0.0;0.0;1.0;23;8
2021-03-15;Manhã;18.0;1.0;0.0;2.5;0.0;1.0;23;8
2021-03-16;Manhã;14.0;1.0;0.0;0.0;0.0;1.0;20;5
2021-03-16;Manhã;18.0;1.0;0.0;0.0;0.0;1.0;23;2
2021-03-16;Manhã;16.0;1.0;0.0;0.0;0.0;1.0;23;5
2021-03-17;Manhã;19.0;1.0;0.0;0.0;0.0;1.0;1;2
2021-03-17;Manhã;18.0;1.0;0.0;0.0;0.0;1.0;3;2
2021-03-17;Manhã;14.0;1.0;0.0;0.7;0.0;1.0;7;2
2021-03-17;Noite;15.0;1.0;0.0;0.4;0.0;1.0;7;2
2021-03-19;Manhã;17.0;1.0;0.0;0.0;0.0;1.0;1;2
2021-03-19;Manhã;16.0;1.0;0.0;0.0;0.0;1.0;23;2
2021-03-19;Manhã;14.0;1.0;0.0;0.0;0.0;1.0;20;5
2021-03-20;Manhã;16.0;1.0;0.0;0.0;0.0;1.0;23;9
2021-03-21;Manhã;16.0;1.0;0.0;0.8;0.0;1.0;23;2
2021-03-22;Manhã;16.0;1.0;0.0;0.0;0.0;2.0;23;2
2021-03-22;Manhã;14.0;1.0;0.0;0.0;0.0;1.0;7;2
2021-03-23;Manhã;14.0;1.0;0.0;0.8;0.0;1.0;7;2
2021-03-23;Noite;16.0;1.0;0.0;0.0;0.0;2.0;23;2
2021-03-24;Manhã;14.0;1.0;0.0;0.8;0.0;1.0;7;2
2021-03-25;Manhã;16.0;1.0;0.0;0.0;0.0;1.0;23;8
2021-03-26;Manhã;19.0;1.0;0.0;0.0;0.0;2.0;17;14
2021-03-26;Manhã;16.0;1.0;0.0;0.8;0.0;1.0;20;2
2021-03-26;Manhã;16.8;1.0;0.0;0.0;0.0;2.0;23;2
2021-03-26;Manhã;18.0;1.0;0.0;0.0;0.0;1.0;3;8
2021-03-27;Manhã;63.0;1.0;0.0;0.0;0.0;1.0;1;13
2021-03-27;Manhã;16.0;1.0;0.0;0.0;0.0;1.0;22;9
2021-03-29;Manhã;17.0;0.0;17.0;0.0;0.0;1.0;20;5
2021-03-30;Manhã;16.0;1.0;0.0;0.8;0.0;1.0;23;2
2021-03-30;Manhã;15.0;1.0;0.0;0.0;0.0;1.0;20;2
2021-03-30;Noite;16.0;1.0;0.0;0.0;0.0;1.0;23;2
2021-03-31;Manhã;20.0;1.0;0.0;0.0;0.0;1.0;7;2
2021-03-31;Manhã;21.99;1.0;0.0;0.0;0.0;1.0;48;2
2021-03-31;Manhã;18.99;1.0;0.0;0.0;0.0;1.0;23;1
2021-04-01;Manhã;16.0;1.0;0.0;0.0;0.0;1.0;23;5
2021-04-02;Manhã;15.0;1.0;0.0;0.8;0.0;1.0;7;2
2021-04-02;Manhã;15.0;1.0;0.0;0.0;0.0;1.0;20;2
2021-04-03;Manhã;15.0;1.0;0.0;0.0;0.0;1.0;22;2
2021-04-03;Manhã;15.0;1.0;0.0;0.0;0.0;1.0;20;2
2021-04-03;Manhã;16.0;1.0;0.0;0.0;0.0;1.0;23;2
2021-04-03;Manhã;20.0;1.0;0.0;0.0;0.0;1.0;1;2
2021-04-03;Manhã;16.0;1.0;0.0;0.0;0.0;1.0;23;5
2021-04-04;Manhã;18.0;1.0;0.0;0.0;0.0;1.0;1;2
2021-04-04;Noite;15.0;1.0;0.0;0.0;0.0;1.0;20;2
2021-04-04;Noite;15.0;1.0;0.0;0.0;0.0;1.0;23;2
2021-04-05;Manhã;15.0;1.0;0.0;0.0;0.0;1.0;20;14
2021-04-05;Manhã;16.0;1.0;0.0;0.0;0.0;1.0;23;2
2021-04-05;Manhã;16.0;1.0;0.0;0.8;0.0;1.0;23;2
2021-04-06;Manhã;16.0;1.0;0.0;0.5;0.0;1.0;23;2
2021-04-06;Manhã;20.0;1.0;0.0;0.0;0.0;1.0;3;2
2021-04-06;Manhã;18.0;1.0;0.0;0.0;0.0;1.0;1;5
2021-04-07;Manhã;26.0;1.0;0.0;1.4;0.0;1.0;3;2
2021-04-07;Noite;21.0;1.0;0.0;0.0;0.0;1.0;3;5
2021-04-07;Noite;16.0;1.0;0.0;0.0;0.0;0.5;42;14
2021-04-07;Noite;21.0;1.0;0.0;0.0;0.0;1.0;3;2
2021-04-08;Manhã;18.0;1.0;0.0;0.0;0.0;1.0;1;5
2021-04-08;Manhã;18.0;1.0;0.0;0.0;0.0;1.0;1;2
2021-04-08;Manhã;16.0;1.0;0.0;0.0;0.0;1.0;23;2
2021-04-08;Manhã;15.0;1.0;0.0;0.0;0.0;1.0;7;2
2021-04-08;Manhã;15.0;1.0;0.0;0.0;0.0;1.0;7;2
2021-04-08;Manhã;15.0;1.0;0.0;0.0;0.0;1.0;7;2
2021-04-09;Manhã;16.0;1.0;0.0;0.0;0.0;1.0;23;5
2021-04-09;Manhã;15.0;1.0;0.0;0.0;0.0;1.0;20;2
2021-04-09;Manhã;14.0;1.0;0.0;0.0;0.0;1.0;22;2
2021-04-09;Manhã;16.0;1.0;0.0;0.0;0.0;1.0;23;2
2021-04-09;Manhã;20.0;1.0;0.0;0.0;0.0;1.0;3;5
2021-04-09;Manhã;16.0;1.0;0.0;0.0;0.0;1.0;23;2
2021-04-10;Manhã;20.0;1.0;0.0;0.5;0.0;1.0;13;2
2021-04-10;Manhã;8.0;1.0;0.0;0.0;0.0;2.0;24;14
2021-04-10;Manhã;16.0;1.0;0.0;0.0;0.0;1.0;23;2
2021-04-10;Noite;20.0;1.0;0.0;0.0;0.0;1.0;3;5
2021-04-10;Noite;18.0;1.0;0.0;0.0;0.0;1.0;1;2
2021-04-10;Noite;10.0;1.0;0.0;0.0;0.0;0.5;41;14
2021-04-11;Manhã;20.0;1.0;0.0;0.0;0.0;1.0;3;5
2021-04-11;Manhã;33.0;1.0;0.0;1.65;0.0;1.0;3;5
2021-04-11;Manhã;15.0;1.0;0.0;0.8;0.0;1.0;20;2
2021-04-12;Manhã;17.0;0.0;17.0;0.0;0.0;1.0;20;5
2021-04-12;Manhã;16.0;1.0;0.0;0.9;0.0;1.0;23;2
2021-04-12;Manhã;28.0;1.0;0.0;0.0;0.0;1.0;3;5
2021-04-13;Manhã;16.0;1.0;0.0;0.0;0.0;1.0;23;2
2021-04-14;Manhã;31.0;1.0;0.0;0.0;0.0;1.0;23;2
2021-04-14;Manhã;36.0;1.0;0.0;0.0;0.0;1.0;23;2
2021-04-14;Manhã;20.0;1.0;0.0;0.0;0.0;1.0;3;2
2021-04-15;Manhã;18.0;1.0;0.0;0.0;0.0;1.0;13;13
2021-04-15;Manhã;18.0;1.0;0.0;0.0;0.0;1.0;13;5
2021-04-15;Manhã;15.0;1.0;0.0;0.0;0.0;1.0;20;2
2021-04-16;Manhã;18.0;1.0;0.0;0.0;0.0;1.0;13;2
2021-04-17;Manhã;25.25;1.0;0.0;0.0;0.0;4.0;20;14
2021-04-17;Manhã;16.0;1.0;0.0;0.0;0.0;1.0;20;2
2021-04-17;Manhã;18.0;1.0;0.0;0.0;0.0;1.0;2;2
2021-04-17;Manhã;18.0;1.0;0.0;0.0;0.0;1.0;1;13
2021-04-19;Manhã;16.0;1.0;0.0;0.0;0.0;1.0;23;5
2021-04-19;Manhã;15.0;1.0;0.0;0.0;0.0;1.0;20;5
2021-04-22;Manhã;16.0;1.0;0.0;0.0;0.0;1.0;23;5
2021-04-22;Manhã;15.0;1.0;0.0;0.0;0.0;1.0;7;2
2021-04-22;Manhã;15.0;1.0;0.0;0.0;0.0;1.0;7;2
2021-04-22;Manhã;18.0;1.0;0.0;0.0;0.0;1.0;1;2
2021-04-23;Manhã;20.5;1.0;0.0;0.0;0.0;1.0;3;5
2021-04-23;Manhã;34.0;1.0;0.0;0.0;0.0;1.0;13;2
2021-04-23;Manhã;18.0;1.0;0.0;0.0;0.0;1.0;2;2
2021-04-24;Manhã;18.0;1.0;0.0;0.0;0.0;1.0;1;2
2021-04-24;Manhã;16.0;1.0;0.0;0.0;0.0;2.0;23;2
2021-04-24;Manhã;16.0;1.0;0.0;0.0;0.0;1.0;23;8
2021-04-25;Manhã;18.0;1.0;0.0;0.0;0.0;2.0;1;2
2021-04-25;Manhã;16.0;1.0;0.0;0.0;0.0;2.0;23;2
2021-04-25;Manhã;15.0;1.0;0.0;0.0;0.0;1.0;20;2
2021-04-25;Manhã;15.0;1.0;0.0;0.0;0.0;1.0;20;2
2021-04-25;Manhã;15.0;1.0;0.0;0.0;0.0;1.0;7;8
2021-04-25;Manhã;20.0;1.0;0.0;0.0;0.0;1.0;3;5
2021-04-25;Manhã;18.0;1.0;0.0;0.0;0.0;1.0;2;2
2021-04-28;Manhã;20.0;1.0;0.0;0.0;0.0;1.0;3;5
2021-04-28;Manhã;15.0;1.0;0.0;0.0;0.0;1.0;7;5
2021-04-28;Manhã;20.0;1.0;0.0;0.0;0.0;1.0;3;5
2021-04-29;Manhã;18.0;1.0;0.0;0.0;0.0;1.0;1;2
2021-04-29;Manhã;16.0;1.0;0.0;0.0;0.0;1.0;20;2
2021-04-29;Manhã;16.0;1.0;0.0;0.0;0.0;2.0;23;2
2021-04-29;Manhã;16.0;1.0;0.0;0.0;0.0;1.0;23;2
2021-04-29;Manhã;23.0;1.0;0.0;0.0;0.0;1.0;23;1
2021-04-29;Manhã;16.0;1.0;0.0;0.0;0.0;1.0;23;5
2021-04-29;Manhã;16.5;1.0;0.0;0.0;0.0;1.0;23;2
2021-04-29;Manhã;6.0;1.0;0.0;0.0;0.0;1.0;20;14
2021-04-30;Manhã;18.0;1.0;0.0;0.0;0.0;1.0;1;2
2021-04-30;Manhã;16.0;1.0;0.0;0.0;0.0;2.0;23;5
2021-04-30;Manhã;15.0;1.0;0.0;0.0;0.0;2.0;20;5
2021-05-01;Manhã;10.0;1.0;0.0;0.0;0.0;1.0;36;14
2021-05-01;Manhã;16.5;1.0;0.0;0.0;0.0;1.0;23;2
2021-05-01;Manhã;18.0;1.0;0.0;0.0;0.0;1.0;1;2
2021-05-01;Manhã;36.0;1.0;0.0;0.0;0.0;1.0;3;5
2021-05-01;Manhã;20.0;1.0;0.0;0.0;0.0;2.0;3;2
2021-05-01;Manhã;15.4;1.0;0.0;0.0;0.0;2.0;7;2
2021-05-01;Manhã;20.45;1.0;0.0;0.0;0.0;1.0;20;2
2021-05-02;Manhã;15.0;1.0;0.0;0.0;0.0;1.0;20;5
2021-05-04;Manhã;16.0;1.0;0.0;0.0;0.0;1.0;23;2
2021-05-04;Manhã;15.0;1.0;0.0;0.0;0.0;1.0;22;2
2021-05-04;Manhã;16.0;1.0;0.0;0.0;0.0;1.0;23;2
2021-05-05;Manhã;15.0;1.0;0.0;0.0;0.0;1.0;7;2
2021-05-05;Manhã;16.0;1.0;0.0;0.0;0.0;1.0;23;2
2021-05-05;Manhã;16.0;1.0;0.0;0.0;0.0;1.0;23;2
2021-05-06;Manhã;28.0;1.0;0.0;0.0;0.0;3.0;23;5
2021-05-06;Manhã;22.6;1.0;0.0;0.0;0.0;1.0;23;2
2021-05-07;Manhã;16.0;1.0;0.0;0.0;0.0;1.0;23;5
2021-05-07;Manhã;16.0;1.0;0.0;0.0;0.0;1.0;23;5
2021-05-07;Manhã;16.0;1.0;0.0;0.0;0.0;2.0;23;2
2021-05-07;Manhã;20.0;1.0;0.0;0.0;0.0;1.0;3;2
2021-05-07;Manhã;16.5;1.0;0.0;0.0;0.0;1.0;23;2
2021-05-07;Manhã;28.0;1.0;0.0;0.0;0.0;1.0;22;5
2021-05-07;Manhã;15.0;1.0;0.0;0.0;0.0;1.0;20;5
2021-05-08;Manhã;20.0;1.0;0.0;0.0;0.0;1.0;3;5
2021-05-08;Manhã;15.8;1.0;0.0;0.0;0.0;1.0;7;2
2021-05-08;Manhã;16.0;1.0;0.0;0.0;0.0;1.0;23;5
2021-05-09;Manhã;18.0;1.0;0.0;0.0;0.0;3.0;1;14
2021-05-09;Manhã;18.0;1.0;0.0;0.0;0.0;1.0;1;5
2021-05-09;Manhã;20.6;1.0;0.0;0.0;0.0;1.0;1;2
2021-05-20;Manhã;35.0;1.0;0.0;0.0;0.0;1.0;1;5
2021-05-20;Manhã;17.0;1.0;0.0;0.0;0.0;1.0;23;2
2021-05-20;Manhã;18.0;1.0;0.0;0.0;0.0;1.0;1;2
2021-05-21;Manhã;49.0;1.0;0.0;0.0;0.0;1.0;20;2
2021-05-21;Manhã;18.0;1.0;0.0;0.0;0.0;1.0;1;2
2021-05-21;Manhã;18.6;1.0;0.0;0.0;0.0;1.0;1;2
2021-05-22;Manhã;17.0;1.0;0.0;0.0;0.0;1.0;23;5
2021-05-22;Manhã;18.0;1.0;0.0;0.0;0.0;1.0;1;2
2021-05-22;Manhã;18.0;1.0;0.0;0.0;0.0;1.0;1;2
2021-05-23;Manhã;17.0;1.0;0.0;0.0;0.0;1.0;23;2
2021-05-23;Manhã;17.0;1.0;0.0;0.0;0.0;2.0;23;2
2021-05-23;Manhã;34.5;1.0;0.0;0.0;0.0;2.0;23;2
2021-05-23;Manhã;16.0;1.0;0.0;0.0;0.0;1.0;20;2
2021-05-24;Manhã;17.0;1.0;0.0;0.0;0.0;3.0;23;2
2021-05-24;Manhã;24.5;1.0;0.0;0.0;0.0;2.0;20;2
2021-05-26;Manhã;17.0;1.0;0.0;0.0;0.0;1.0;23;2
2021-05-26;Manhã;17.0;1.0;0.0;0.0;0.0;1.0;23;5
2021-05-26;Manhã;32.0;1.0;0.0;0.0;0.0;1.0;20;2
2021-05-26;Manhã;18.0;1.0;0.0;0.0;0.0;1.0;1;2
2021-05-27;Manhã;16.0;1.0;0.0;0.0;0.0;1.0;20;2
2021-05-27;Manhã;16.35;1.0;0.0;0.0;0.0;2.0;20;2
2021-05-27;Manhã;15.0;1.0;0.0;0.0;0.0;1.0;7;2
2021-05-27;Manhã;17.0;1.0;0.0;0.0;0.0;1.0;23;2
2021-05-28;Manhã;26.0;1.0;0.0;0.0;0.0;1.0;23;2
2021-05-28;Manhã;37.45;1.0;0.0;0.0;0.0;2.0;23;2
2021-05-28;Manhã;15.0;1.0;0.0;0.0;0.0;1.0;7;2
2021-05-29;Manhã;17.0;1.0;0.0;0.0;0.0;1.0;9;2
2021-05-29;Manhã;22.933333333333334;1.0;0.0;0.0;0.0;3.0;23;5
2021-05-29;Manhã;21.0;1.0;0.0;0.0;0.0;1.0;23;9
2021-05-30;Manhã;17.0;1.0;0.0;0.0;0.0;1.0;20;5
2021-05-30;Manhã;32.0;1.0;0.0;0.0;0.0;1.0;23;8
2021-05-31;Manhã;15.0;1.0;0.0;0.0;0.0;1.0;22;2
2021-05-31;Manhã;15.3;1.0;0.0;0.0;0.0;1.0;7;2
2021-05-31;Manhã;20.566666666666666;1.0;0.0;0.0;0.0;3.0;20;5
2021-05-31;Manhã;17.0;1.0;0.0;0.0;0.0;1.0;11;5
2021-05-31;Manhã;25.3;1.0;0.0;0.0;0.0;1.0;36;2
2021-06-01;Manhã;18.99;1.0;0.0;0.0;0.0;1.0;23;8
2021-06-02;Manhã;17.0;1.0;0.0;0.0;0.0;1.0;23;8
2021-06-03;Manhã;16.0;1.0;0.0;0.0;0.0;1.0;36;2
2021-06-03;Manhã;10.0;1.0;0.0;0.0;0.0;1.0;20;8
2021-06-03;Manhã;22.0;1.0;0.0;0.0;0.0;1.0;47;2
2021-06-03;Manhã;16.8;1.0;0.0;0.0;0.0;1.0;36;2
2021-06-04;Manhã;18.0;1.0;0.0;0.0;0.0;1.0;1;2
2021-06-04;Manhã;15.8;1.0;0.0;0.0;0.0;1.0;22;2
2021-06-04;Manhã;17.6;1.0;0.0;0.0;0.0;1.0;23;2
2021-06-04;Manhã;16.0;1.0;0.0;0.0;0.0;1.0;36;2
2021-06-04;Manhã;29.0;1.0;0.0;0.0;0.0;1.0;20;5
2021-06-05;Manhã;16.0;1.0;0.0;0.0;0.0;1.0;20;5
2021-06-05;Manhã;17.0;1.0;0.0;0.0;0.0;2.0;23;2
2021-06-05;Manhã;18.0;1.0;0.0;0.0;0.0;1.0;1;2
2021-06-06;Manhã;20.0;1.0;0.0;0.0;0.0;2.0;3;8
2021-06-06;Manhã;36.0;1.0;0.0;0.0;0.0;1.0;1;2
2021-06-07;Manhã;19.99;1.0;0.0;0.0;0.0;1.0;48;2
2021-06-07;Manhã;17.0;1.0;0.0;0.0;0.0;1.0;7;8
2021-06-07;Manhã;20.0;1.0;0.0;0.0;0.0;1.0;3;2
2021-06-08;Manhã;17.0;1.0;0.0;0.0;0.0;1.0;23;5
2021-06-08;Manhã;17.0;1.0;0.0;0.0;0.0;1.0;23;5
2021-06-08;Manhã;16.0;1.0;0.0;0.0;0.0;3.0;20;5
2021-06-08;Manhã;17.0;1.0;0.0;0.0;0.0;1.0;23;5
2021-06-08;Manhã;17.0;1.0;0.0;0.0;0.0;1.0;23;5
2021-06-08;Manhã;19.0;1.0;0.0;0.0;0.0;1.0;9;5
2021-06-09;Manhã;19.0;1.0;0.0;0.0;0.0;1.0;9;5
2021-06-09;Manhã;17.0;1.0;0.0;0.0;0.0;2.0;24;14
2021-06-09;Manhã;16.0;1.0;0.0;0.0;0.0;1.0;20;5
2021-06-09;Manhã;17.0;1.0;0.0;0.0;0.0;1.0;23;2
2021-06-10;Manhã;15.0;1.0;0.0;0.0;0.0;1.0;7;2
2021-06-10;Manhã;16.0;1.0;0.0;0.0;0.0;1.0;20;2
2021-06-10;Manhã;15.0;1.0;0.0;0.0;0.0;1.0;7;5
2021-06-10;Manhã;16.0;1.0;0.0;0.0;0.0;2.0;20;5
2021-06-10;Manhã;19.0;1.0;0.0;0.0;0.0;1.0;9;5
2021-06-10;Manhã;24.0;1.0;0.0;0.0;0.0;1.0;36;2
2021-06-11;Manhã;17.0;1.0;0.0;0.0;0.0;2.0;23;2
2021-06-11;Manhã;17.0;1.0;0.0;0.0;0.0;1.0;23;2
2021-06-11;Manhã;18.0;1.0;0.0;0.0;0.0;2.0;1;2
2021-06-11;Manhã;20.0;1.0;0.0;0.0;0.0;1.0;3;8
2021-06-11;Manhã;15.0;1.0;0.0;0.0;0.0;1.0;7;9
2021-06-11;Manhã;18.0;1.0;0.0;0.0;0.0;1.0;1;2
2021-06-12;Manhã;17.0;1.0;0.0;0.0;0.0;1.0;23;8
2021-06-12;Manhã;15.0;1.0;0.0;0.0;0.0;1.0;7;2
2021-06-12;Manhã;17.0;1.0;0.0;0.0;0.0;1.0;11;5
2021-06-12;Manhã;17.0;1.0;0.0;0.0;0.0;2.0;23;2
2021-06-13;Manhã;16.0;1.0;0.0;0.0;0.0;1.0;22;5
2021-06-13;Manhã;17.0;1.0;0.0;0.0;0.0;1.0;23;1
2021-06-13;Manhã;15.75;1.0;0.0;0.0;0.0;2.0;7;1
2021-06-13;Manhã;17.0;1.0;0.0;0.0;0.0;1.0;23;14
2021-06-13;Manhã;17.0;1.0;0.0;0.0;0.0;2.0;23;2
2021-06-13;Manhã;16.0;1.0;0.0;0.0;0.0;1.0;20;2
2021-06-14;Manhã;58.0;1.0;0.0;0.0;0.0;0.5;42;14
2021-06-14;Manhã;28.0;1.0;0.0;0.0;0.0;1.0;3;5
2021-06-14;Manhã;20.0;1.0;0.0;0.0;0.0;1.0;1;2
2021-06-14;Manhã;17.0;1.0;0.0;0.0;0.0;1.0;23;2
2021-06-15;Manhã;19.0;1.0;0.0;0.0;0.0;1.0;23;2
2021-06-15;Manhã;16.0;1.0;0.0;0.0;0.0;1.0;20;5
2021-06-15;Manhã;16.0;1.0;0.0;0.0;0.0;1.0;20;2
2021-06-16;Manhã;15.0;1.0;0.0;0.0;0.0;1.0;42;14
2021-06-16;Manhã;15.0;1.0;0.0;0.0;0.0;1.0;7;2
2021-06-16;Manhã;17.0;1.0;0.0;0.0;0.0;1.0;9;5
2021-06-16;Manhã;15.0;1.0;0.0;0.0;0.0;1.0;7;5
2021-06-16;Manhã;16.0;1.0;0.0;0.0;0.0;1.0;36;2
2021-06-16;Manhã;17.0;1.0;0.0;0.0;0.0;1.0;23;2
2021-06-17;Manhã;17.0;1.0;0.0;0.0;0.0;1.0;9;2
2021-06-17;Manhã;17.0;1.0;0.0;0.0;0.0;1.0;23;2
2021-06-17;noite;8.0;1.0;0.0;0.0;0.0;1.0;42;14
2021-06-18;Manhã;16.0;1.0;0.0;0.0;0.0;1.0;9;2
2021-06-18;Manhã;17.0;1.0;0.0;0.0;0.0;1.0;23;2
2021-06-18;Manhã;11.0;1.0;0.0;0.0;0.0;1.0;24;14
2021-06-18;Manhã;16.0;1.0;0.0;0.0;0.0;1.0;33;14
2021-06-19;Manhã;25.0;1.0;0.0;0.0;0.0;2.0;23;2
2021-06-19;Manhã;15.0;1.0;0.0;0.0;0.0;1.0;22;2
2021-06-19;Manhã;20.0;1.0;0.0;0.0;0.0;1.0;12;2
2021-06-19;Manhã;17.0;1.0;0.0;0.0;0.0;1.0;23;2
2021-06-19;Manhã;20.0;1.0;0.0;0.0;0.0;1.0;12;2
2021-06-19;Manhã;17.0;1.0;0.0;0.0;0.0;1.0;20;5
2021-06-20;Manhã;17.0;1.0;0.0;0.0;0.0;2.0;23;9
2021-06-20;Manhã;17.0;1.0;0.0;0.0;0.0;1.0;23;2
2021-06-21;Manhã;20.0;1.0;0.0;0.0;0.0;1.0;12;2
2021-06-21;Manhã;18.0;1.0;0.0;0.0;0.0;1.0;48;2
2021-06-21;Manhã;34.0;1.0;0.0;0.0;0.0;1.0;20;2
2021-06-21;Manhã;18.0;1.0;0.0;0.0;0.0;1.0;48;2
2021-06-22;Manhã;16.0;1.0;0.0;0.0;0.0;1.0;20;2
2021-06-22;Manhã;20.0;1.0;0.0;0.0;0.0;1.0;12;2
2021-06-22;Manhã;42.0;1.0;0.0;0.0;0.0;1.0;12;2
2021-06-23;Manhã;19.0;1.0;0.0;0.0;0.0;1.0;9;5
2021-06-23;Manhã;17.0;1.0;0.0;0.0;0.0;1.0;23;2
2021-06-23;Manhã;17.0;1.0;0.0;0.0;0.0;1.0;23;2
2021-06-23;Manhã;15.0;1.0;0.0;0.0;0.0;1.0;7;2
2021-06-24;Manhã;17.0;1.0;0.0;0.0;0.0;1.0;9;5
2021-06-24;Manhã;18.0;1.0;0.0;0.0;0.0;1.0;48;2
2021-06-24;Manhã;17.0;1.0;0.0;0.0;0.0;1.0;11;5
2021-06-24;Manhã;17.0;1.0;0.0;0.0;0.0;1.0;9;2
2021-06-25;Manhã;16.0;1.0;0.0;0.0;0.0;1.0;36;2
2021-06-25;Manhã;17.0;1.0;0.0;0.0;0.0;1.0;9;2
2021-06-25;Manhã;17.0;1.0;0.0;0.0;0.0;1.0;9;5
2021-06-25;Manhã;34.0;1.0;0.0;0.0;0.0;1.0;9;9
2021-06-25;Manhã;17.0;1.0;0.0;0.0;0.0;1.0;23;2
2021-06-26;Manhã;17.0;1.0;0.0;0.0;0.0;1.0;23;2
2021-06-26;Manhã;20.0;1.0;0.0;0.0;0.0;1.0;48;5
2021-06-26;Manhã;18.0;1.0;0.0;0.0;0.0;1.0;48;2
2021-06-26;Manhã;15.0;1.0;0.0;0.0;0.0;1.0;7;2
2021-06-27;Manhã;17.0;1.0;0.0;0.0;0.0;1.0;23;5
2021-06-28;Manhã;17.0;1.0;0.0;0.0;0.0;3.0;23;14
2021-06-29;Manhã;15.0;1.0;0.0;0.0;0.0;1.0;7;2
2021-06-29;Manhã;17.0;1.0;0.0;0.0;0.0;1.0;23;8
2021-06-30;Manhã;16.0;1.0;0.0;0.0;0.0;1.0;36;13
2021-06-30;Manhã;17.0;1.0;0.0;0.0;0.0;2.0;23;2
2021-06-30;Manhã;18.0;1.0;0.0;0.0;0.0;1.0;48;2
2021-06-30;Manhã;16.0;1.0;0.0;0.0;0.0;1.0;36;2
2021-06-30;Manhã;15.0;1.0;0.0;0.0;0.0;1.0;22;2
2021-06-30;Manhã;16.0;1.0;0.0;0.0;0.0;1.0;20;5
2021-06-30;Manhã;35.0;1.0;0.0;0.0;0.0;1.0;48;2
2021-07-01;Manhã;15.0;1.0;0.0;0.0;0.0;1.0;22;2
2021-07-01;Manhã;17.0;1.0;0.0;0.0;0.0;3.0;23;5
2021-07-01;Manhã;15.0;1.0;0.0;0.0;0.0;1.0;7;2
2021-07-01;Manhã;15.0;1.0;0.0;0.0;0.0;1.0;7;2
2021-07-01;noite;17.0;1.0;0.0;0.0;0.0;1.0;23;2
2021-07-01;noite;17.85;1.0;0.0;0.0;0.0;2.0;23;5
2021-07-02;Manhã;17.0;1.0;0.0;0.0;0.0;1.0;23;2
2021-07-02;Manhã;42.0;1.0;0.0;0.0;0.0;1.0;3;2
2021-07-02;Manhã;15.0;1.0;0.0;0.0;0.0;1.0;7;2
2021-07-02;Manhã;20.0;1.0;0.0;0.0;0.0;1.0;23;2
2021-07-02;Manhã;20.0;1.0;0.0;0.0;0.0;1.0;23;2
2021-07-03;Manhã;18.0;1.0;0.0;0.0;0.0;1.0;1;2
2021-07-03;Manhã;33.0;1.0;0.0;0.0;0.0;1.0;1;2
2021-07-03;Manhã;20.0;1.0;0.0;0.0;0.0;1.0;42;14
2021-07-03;Manhã;15.0;1.0;0.0;0.0;0.0;1.0;7;2
2021-07-03;Manhã;17.0;1.0;0.0;0.0;0.0;1.0;23;2
2021-07-03;Manhã;10.0;1.0;0.0;0.0;0.0;1.0;23;14
2021-07-03;Manhã;15.0;1.0;0.0;0.0;0.0;1.0;7;2
2021-07-03;Manhã;16.0;1.0;0.0;0.0;0.0;0.5;42;14
2021-07-04;Manhã;17.0;1.0;0.0;0.0;0.0;1.0;23;2
2021-07-04;Manhã;18.0;1.0;0.0;0.0;0.0;2.0;1;2
2021-07-05;Manhã;17.85;1.0;0.0;0.0;0.0;2.0;23;2
2021-07-05;Manhã;16.8;1.0;0.0;0.0;0.0;3.0;20;2
2021-07-05;Manhã;15.0;1.0;0.0;0.0;0.0;1.0;7;2
2021-07-05;Manhã;9.0;1.0;0.0;0.0;0.0;1.0;23;14
2021-07-05;noite;32.0;1.0;0.0;0.0;0.0;1.0;23;5
2021-07-06;Manhã;15.0;1.0;0.0;0.0;0.0;1.0;22;2
2021-07-06;Manhã;16.8;1.0;0.0;0.0;0.0;2.0;20;5
2021-07-06;Manhã;19.0;1.0;0.0;0.0;0.0;1.0;9;5
2021-07-07;Manhã;17.0;1.0;0.0;0.0;0.0;1.0;39;2
2021-07-07;Manhã;19.0;1.0;0.0;0.0;0.0;3.0;22;9
2021-07-07;Manhã;17.0;1.0;0.0;0.0;0.0;1.0;23;5
2021-07-07;Manhã;17.0;1.0;0.0;0.0;0.0;2.0;23;5
2021-07-08;Manhã;16.0;1.0;0.0;0.0;0.0;1.0;20;8
2021-07-08;Manhã;15.0;1.0;0.0;0.0;0.0;1.0;7;8
2021-07-08;Manhã;17.0;1.0;0.0;0.0;0.0;1.0;23;2
2021-07-08;Manhã;20.0;1.0;0.0;0.0;0.0;1.0;13;5
2021-07-08;Manhã;37.0;1.0;0.0;0.0;0.0;1.0;23;2
2021-07-08;Manhã;20.0;1.0;0.0;0.0;0.0;1.0;13;5
2021-07-08;Manhã;31.0;1.0;0.0;0.0;0.0;1.0;22;9
2021-07-08;Manhã;8.0;1.0;0.0;0.0;0.0;2.0;21;14
2021-07-09;Manhã;15.0;1.0;0.0;0.0;0.0;1.0;22;2
2021-07-09;Manhã;33.0;1.0;0.0;0.0;0.0;1.0;3;5
2021-07-09;Manhã;8.0;1.0;0.0;0.0;0.0;2.0;21;14
2021-07-09;Manhã;15.0;1.0;0.0;0.0;0.0;1.0;22;13
2021-07-09;Manhã;26.0;1.0;0.0;0.0;0.0;1.0;23;2
2021-07-09;Manhã;17.0;1.0;0.0;0.0;0.0;2.0;23;2
2021-07-09;Manhã;20.0;1.0;0.0;0.0;0.0;1.0;3;13
2021-07-09;Manhã;17.0;1.0;0.0;0.0;0.0;1.0;23;2
2021-07-10;Manhã;16.0;1.0;0.0;0.0;0.0;0.5;42;14
2021-07-10;Manhã;17.0;1.0;0.0;0.0;0.0;1.0;23;2
2021-07-10;Manhã;15.0;1.0;0.0;0.0;0.0;1.0;7;2
2021-07-10;Manhã;26.0;1.0;0.0;0.0;0.0;2.0;20;5
2021-07-10;Manhã;10.0;1.0;0.0;0.0;0.0;1.0;23;9
2021-07-10;Manhã;17.0;1.0;0.0;0.0;0.0;1.0;23;2
2021-07-10;Manhã;17.0;1.0;0.0;0.0;0.0;1.0;23;2
2021-07-11;Manhã;16.0;1.0;0.0;0.0;0.0;1.0;20;5
2021-07-11;Manhã;17.0;1.0;0.0;0.0;0.0;1.0;23;5
2021-07-11;Manhã;28.0;1.0;0.0;0.0;0.0;1.0;13;2
2021-07-12;Manhã;17.0;1.0;0.0;0.0;0.0;1.0;23;9
2021-07-12;Manhã;21.0;1.0;0.0;0.0;0.0;3.0;23;2
2021-07-12;Manhã;16.0;1.0;0.0;0.0;0.0;1.0;36;2
2021-07-12;Manhã;16.0;1.0;0.0;0.0;0.0;0.5;42;14
2021-07-12;Manhã;17.0;1.0;0.0;0.0;0.0;1.0;23;2
2021-07-12;Manhã;17.0;1.0;0.0;0.0;0.0;1.0;23;5
2021-07-12;Manhã;15.0;1.0;0.0;0.0;0.0;2.0;7;2
2021-07-13;Manhã;17.0;1.0;0.0;0.0;0.0;1.0;9;5
2021-07-13;Manhã;17.0;1.0;0.0;0.0;0.0;1.0;23;9
2021-07-13;Manhã;17.0;1.0;0.0;0.0;0.0;1.0;23;5
2021-07-13;Manhã;15.0;1.0;0.0;0.0;0.0;3.0;7;5
2021-07-13;Manhã;17.0;1.0;0.0;0.0;0.0;1.0;23;5
2021-07-13;Manhã;17.0;1.0;0.0;0.0;0.0;1.0;40;5
2021-07-14;Manhã;9.0;1.0;0.0;0.0;0.0;1.0;24;14
2021-07-14;Manhã;17.0;1.0;0.0;0.0;0.0;1.0;9;5
2021-07-14;Manhã;17.0;1.0;0.0;0.0;0.0;1.0;9;2
2021-09-01;Manhã;17.0;1.0;0.0;0.0;0.0;1.0;9;2
2021-09-01;Manhã;16.0;1.0;0.0;0.0;0.0;2.0;20;5
2021-09-01;Manhã;17.0;1.0;0.0;0.0;0.0;1.0;23;2
2021-09-02;Manhã;16.0;1.0;0.0;0.0;0.0;1.0;7;2
2021-09-03;Manhã;10.0;1.0;0.0;0.0;0.0;3.0;23;14
2021-09-03;Noite;16.0;1.0;0.0;0.0;0.0;1.0;22;2
2021-09-03;Noite;17.0;1.0;0.0;0.0;0.0;1.0;23;2
2021-09-04;Manhã;17.0;1.0;0.0;0.0;0.0;1.0;23;2
2021-09-04;Manhã;15.0;1.0;0.0;0.0;0.0;1.0;31;1
2021-09-05;Manhã;23.0;1.0;0.0;0.0;0.0;2.0;23;2
2021-09-05;Manhã;18.0;1.0;0.0;0.0;0.0;2.0;16;14
2021-09-05;Manhã;10.0;1.0;0.0;0.0;0.0;0.5;19;14
2021-09-05;Manhã;15.0;1.0;0.0;0.0;0.0;1.0;23;2
2021-09-06;Manhã;15.0;1.0;0.0;0.0;0.0;1.0;13;1
2021-09-06;Manhã;28.0;1.0;0.0;0.0;0.0;1.0;3;2
2021-09-06;Manhã;23.0;1.0;0.0;0.0;0.0;1.0;23;5
2021-09-06;Manhã;19.0;1.0;0.0;0.0;0.0;1.0;9;2
2021-09-06;Manhã;17.0;1.0;0.0;0.0;0.0;1.0;23;2
2021-09-06;Manhã;34.0;1.0;0.0;0.0;0.0;1.0;23;2
2021-09-07;Manhã;20.0;1.0;0.0;0.0;0.0;1.0;3;5
2021-09-07;Manhã;20.0;1.0;0.0;0.0;0.0;1.0;13;5
2021-09-07;Manhã;17.0;1.0;0.0;0.0;0.0;2.0;23;2
2021-09-07;Manhã;11.0;1.0;0.0;0.0;0.0;1.0;35;14
2021-09-08;Manhã;20.0;1.0;0.0;0.0;0.0;1.0;3;5
2021-09-08;Manhã;17.0;1.0;0.0;0.0;0.0;2.0;23;2
2021-09-08;Manhã;17.0;1.0;0.0;0.0;0.0;1.0;23;2
2021-09-08;Manhã;34.0;1.0;0.0;0.0;0.0;2.0;23;2
2021-09-08;Manhã;20.0;1.0;0.0;0.0;0.0;1.0;3;9
2021-09-09;Manhã;9.0;1.0;0.0;0.0;0.0;1.0;23;14
2021-09-09;Manhã;8.0;1.0;0.0;0.0;0.0;1.0;20;14
2021-09-09;Manhã;8.0;1.0;0.0;0.0;0.0;1.0;20;14
2021-09-09;Manhã;17.0;1.0;0.0;0.0;0.0;1.0;23;2
2021-09-09;Manhã;15.0;1.0;0.0;0.0;0.0;1.0;1;13
2021-09-09;Manhã;17.0;1.0;0.0;0.0;0.0;2.0;23;2
2021-09-09;Manhã;18.0;1.0;0.0;0.0;0.0;1.0;9;13
2021-09-10;Manhã;17.0;1.0;0.0;0.0;0.0;1.0;20;10
2021-09-10;Manhã;17.0;1.0;0.0;0.0;0.0;1.0;23;2
2021-09-10;Manhã;18.0;1.0;0.0;0.0;0.0;1.0;1;13
2021-09-10;Manhã;17.0;1.0;0.0;0.0;0.0;1.0;23;2
2021-09-10;Manhã;17.0;1.0;0.0;0.0;0.0;1.0;20;5
2021-09-10;Manhã;15.0;1.0;0.0;0.0;0.0;1.0;35;14
2021-09-11;Manhã;20.0;1.0;0.0;0.0;0.0;1.0;3;2
2021-09-11;Manhã;18.0;1.0;0.0;0.0;0.0;2.0;1;2
2021-09-11;Manhã;18.0;1.0;0.0;0.0;0.0;1.0;1;5
2021-09-12;Manhã;17.0;1.0;0.0;0.0;0.0;1.0;23;2
2021-09-13;Manhã;17.0;1.0;0.0;0.0;0.0;1.0;23;2
2021-09-13;Manhã;17.0;1.0;0.0;0.0;0.0;1.0;23;2
2021-09-13;Manhã;17.0;1.0;0.0;0.0;0.0;1.0;23;2
2021-09-13;Manhã;24.0;1.0;0.0;0.0;0.0;1.0;3;2
2021-09-13;Manhã;16.0;1.0;0.0;0.0;0.0;2.0;23;2
2021-09-14;Manhã;17.0;1.0;0.0;0.0;0.0;2.0;23;9
2021-09-14;Manhã;18.0;1.0;0.0;0.0;0.0;1.0;35;2
2021-09-14;Manhã;33.0;1.0;0.0;0.0;0.0;1.0;20;13
2021-09-14;Manhã;17.0;1.0;0.0;0.0;0.0;1.0;20;5
2021-09-15;Manhã;16.0;1.0;0.0;0.0;0.0;1.0;22;9
2021-09-15;Manhã;17.0;1.0;0.0;0.0;0.0;1.0;23;2
2021-09-16;Manhã;17.0;1.0;0.0;0.0;0.0;1.0;23;2
2021-09-16;Manhã;16.0;1.0;0.0;0.0;0.0;1.0;22;2
2021-09-16;Manhã;34.0;1.0;0.0;0.0;0.0;1.0;7;2
2021-09-17;Manhã;17.0;1.0;0.0;0.0;0.0;1.0;23;8
2021-09-17;Manhã;16.0;1.0;0.0;0.0;0.0;1.0;22;8
2021-09-17;Manhã;27.0;1.0;0.0;0.0;0.0;1.0;48;2
2021-09-17;Manhã;16.0;1.0;0.0;0.0;0.0;1.0;7;8
2021-09-18;Manhã;17.0;1.0;0.0;0.0;0.0;1.0;20;2
2021-09-18;Manhã;21.0;1.0;0.0;0.0;0.0;1.0;23;2
2021-09-18;Manhã;17.0;1.0;0.0;0.0;0.0;1.0;23;2
2021-09-19;Manhã;15.0;1.0;0.0;0.0;0.0;1.0;23;5
2021-09-19;Manhã;16.0;1.0;0.0;0.0;0.0;1.0;36;14
2021-09-19;Manhã;28.0;1.0;0.0;0.0;0.0;0.5;42;14
2021-09-19;Manhã;16.0;1.0;0.0;0.0;0.0;1.0;20;2
2021-09-19;Manhã;16.0;1.0;0.0;0.0;0.0;1.0;22;2
2021-09-20;Manhã;17.0;1.0;0.0;0.0;0.0;1.0;23;2
2021-09-21;Manhã;20.0;1.0;0.0;0.0;0.0;1.0;48;2
2021-09-21;Manhã;25.0;1.0;0.0;0.0;0.0;1.0;23;2
2021-09-21;Manhã;17.85;1.0;0.0;0.0;0.0;1.0;23;2
2021-09-21;Manhã;16.0;1.0;0.0;0.0;0.0;1.0;22;2
2021-09-22;Manhã;18.0;1.0;0.0;0.0;0.0;1.0;9;2
2021-09-22;Manhã;16.0;1.0;0.0;0.0;0.0;1.0;22;2
2021-09-22;Manhã;17.0;1.0;0.0;0.0;0.0;1.0;23;2
2021-09-22;Manhã;17.0;1.0;0.0;0.0;0.0;1.0;23;8
2021-09-22;Manhã;8.0;1.0;0.0;0.0;0.0;1.0;42;14
2021-09-23;Manhã;16.0;1.0;0.0;0.0;0.0;1.0;7;2
2021-09-23;Manhã;17.0;1.0;0.0;0.0;0.0;1.0;23;2
2021-09-23;Manhã;18.0;1.0;0.0;0.0;0.0;1.0;1;1
2021-09-23;Manhã;20.0;1.0;0.0;0.0;0.0;1.0;3;1
2021-09-24;Manhã;19.0;1.0;0.0;0.0;0.0;1.0;1;1
2021-09-24;Manhã;19.0;1.0;0.0;0.0;0.0;1.0;1;13
2021-09-24;Manhã;19.0;1.0;0.0;0.0;0.0;1.0;1;2
2021-09-24;Manhã;15.0;1.0;0.0;0.0;0.0;1.0;3;2
2021-09-25;Manhã;18.0;1.0;0.0;0.0;0.0;1.0;23;2
2021-09-25;Manhã;15.0;1.0;0.0;0.0;0.0;1.0;13;2
2021-09-27;Manhã;15.0;1.0;0.0;0.0;0.0;1.0;3;2
2021-09-28;Manhã;53.0;1.0;0.0;0.0;0.0;1.0;23;2
2021-09-28;Manhã;23.0;1.0;0.0;0.0;0.0;1.0;23;5
2021-09-28;Manhã;17.0;1.0;0.0;0.0;0.0;1.0;20;2
2021-09-29;Manhã;18.0;1.0;0.0;0.0;0.0;1.0;23;2
2021-09-29;Manhã;17.0;1.0;0.0;0.0;0.0;1.0;36;2
2021-09-29;Manhã;18.0;1.0;0.0;0.0;0.0;1.0;23;2
2021-09-29;Manhã;54.0;1.0;0.0;0.0;0.0;1.0;23;2
2021-09-30;Manhã;16.0;1.0;0.0;0.0;0.0;1.0;7;2
2021-09-30;Manhã;18.0;1.0;0.0;0.0;0.0;1.0;23;2
2021-10-01;Manhã;18.0;1.0;0.0;0.0;0.0;1.0;23;2
2021-10-01;Manhã;18.0;1.0;0.0;0.0;0.0;1.0;13;14
2021-10-01;Manhã;26.0;1.0;0.0;0.0;0.0;1.0;13;2
2021-10-01;Manhã;18.0;1.0;0.0;0.0;0.0;1.0;23;2
2021-10-01;Manhã;16.0;1.0;0.0;0.0;0.0;1.0;22;2
2021-10-01;Manhã;17.0;1.0;0.0;0.0;0.0;1.0;20;2
2021-10-01;Manhã;18.0;1.0;0.0;0.0;0.0;1.0;13;2
2021-10-01;Manhã;16.0;1.0;0.0;0.0;0.0;1.0;7;2
2021-10-02;Manhã;73.0;1.0;0.0;0.0;0.0;1.0;22;9
2021-10-02;Manhã;17.0;1.0;0.0;0.0;0.0;1.0;20;2
2021-10-02;Manhã;28.0;1.0;0.0;0.0;0.0;1.0;13;2
2021-10-02;Manhã;22.0;1.0;0.0;0.0;0.0;1.0;23;2
2021-10-03;Manhã;18.0;1.0;0.0;0.0;0.0;1.0;23;2
2021-10-05;Manhã;18.0;1.0;0.0;0.0;0.0;1.0;23;2
2021-10-06;Manhã;17.0;1.0;0.0;0.0;0.0;1.0;22;11
2021-10-06;Manhã;54.0;1.0;0.0;0.0;0.0;1.0;23;2
2021-10-06;Manhã;36.0;1.0;0.0;0.0;0.0;1.0;23;2
2021-10-06;Manhã;16.0;1.0;0.0;0.0;0.0;0.5;42;14
2021-10-06;Manhã;18.0;1.0;0.0;0.0;0.0;1.0;48;2
2021-10-07;Manhã;17.0;1.0;0.0;0.0;0.0;1.0;22;11
2021-10-07;Manhã;18.0;1.0;0.0;0.0;0.0;1.0;23;2
2021-10-07;Manhã;16.0;1.0;0.0;0.0;0.0;1.0;7;2
2021-10-07;Manhã;45.98;1.0;0.0;0.0;0.0;1.0;23;2
2021-10-08;Manhã;18.0;1.0;0.0;0.0;0.0;1.0;23;2
2021-10-08;Manhã;17.0;1.0;0.0;0.0;0.0;1.0;22;11
2021-10-08;Manhã;36.0;1.0;0.0;0.0;0.0;1.0;23;2
2021-10-08;Manhã;18.0;1.0;0.0;0.0;0.0;1.0;23;2
2021-10-08;Manhã;36.0;1.0;0.0;0.0;0.0;1.0;23;2
2021-10-08;Manhã;18.0;1.0;0.0;0.0;0.0;1.0;23;2
2021-10-08;Manhã;18.0;1.0;0.0;0.0;0.0;1.0;11;2
2021-10-08;Manhã;18.0;1.0;0.0;0.0;0.0;1.0;9;2
2021-10-09;Manhã;36.0;1.0;0.0;0.0;0.0;1.0;23;2
2021-10-09;Manhã;18.0;1.0;0.0;0.0;0.0;1.0;23;2
2021-10-09;Manhã;17.0;1.0;0.0;0.0;0.0;1.0;22;2
2021-10-10;Manhã;18.0;1.0;0.0;0.0;0.0;1.0;23;2
2021-10-11;Manhã;8.0;1.0;0.0;0.0;0.0;1.0;36;14
2021-10-11;Manhã;18.0;1.0;0.0;0.0;0.0;1.0;23;2
2021-10-11;Manhã;27.0;1.0;0.0;0.0;0.0;2.0;23;2
2021-10-11;Manhã;18.0;1.0;0.0;0.0;0.0;1.0;48;14
2021-10-11;Manhã;18.0;1.0;0.0;0.0;0.0;2.0;23;2
2021-10-11;Manhã;18.0;1.0;0.0;0.0;0.0;1.0;11;1
2021-10-12;Manhã;17.0;1.0;0.0;0.0;0.0;2.0;22;8
2021-10-12;Manhã;18.0;1.0;0.0;0.0;0.0;1.0;23;2
2021-10-12;Manhã;18.0;1.0;0.0;0.0;0.0;1.0;23;2
2021-10-13;Manhã;16.0;1.0;0.0;0.0;0.0;1.0;7;2
2021-10-13;Manhã;18.0;1.0;0.0;0.0;0.0;1.0;23;8
2021-10-13;Manhã;34.0;1.0;0.0;0.0;0.0;1.0;22;2
2021-10-13;Manhã;18.0;0.0;0.0;0.0;0.0;1.0;23;8
2021-10-13;Manhã;38.0;1.0;0.0;0.0;0.0;1.0;11;13
2021-10-14;Manhã;18.0;1.0;0.0;0.0;0.0;1.0;35;2
2021-10-15;Manhã;18.0;1.0;0.0;0.0;0.0;1.0;23;2
2021-10-15;Manhã;17.0;1.0;0.0;0.0;0.0;1.0;22;2
2021-10-16;Manhã;18.25;1.0;0.0;0.0;0.0;2.0;23;8
2021-10-16;Manhã;17.0;1.0;0.0;0.0;0.0;1.0;7;5
2021-10-16;Manhã;17.0;1.0;0.0;0.0;0.0;1.0;22;2
2021-10-17;Manhã;18.0;1.0;0.0;0.0;0.0;1.0;23;11
2021-10-18;Manhã;18.0;1.0;0.0;0.0;0.0;1.0;23;5
2021-10-19;Manhã;17.0;1.0;0.0;0.0;0.0;1.0;26;14
2021-10-19;Manhã;17.0;1.0;0.0;0.0;0.0;1.0;7;5
2021-10-20;Manhã;20.0;1.0;0.0;0.0;0.0;1.0;18;7
2021-10-20;Manhã;20.0;1.0;0.0;0.0;0.0;1.0;35;2
2021-10-20;Manhã;20.0;1.0;0.0;0.0;0.0;2.0;18;2
2021-10-20;Manhã;20.0;1.0;0.0;0.0;0.0;1.0;18;7
2021-10-21;Manhã;17.0;1.0;0.0;0.0;0.0;1.0;22;2
2021-10-21;Manhã;18.0;1.0;0.0;0.0;0.0;2.0;23;2
2021-10-21;Manhã;20.0;1.0;0.0;0.0;0.0;3.0;13;14
2021-10-21;Manhã;18.0;1.0;0.0;0.0;0.0;1.0;23;2
2021-10-22;Manhã;18.0;1.0;0.0;0.0;0.0;1.0;23;13
2021-10-22;Manhã;20.0;1.0;0.0;0.0;0.0;1.0;13;2
2021-10-22;Manhã;18.0;1.0;0.0;0.0;0.0;1.0;23;2
2021-10-22;Manhã;36.0;1.0;0.0;0.0;0.0;1.0;23;2
2021-10-22;Manhã;17.0;1.0;0.0;0.0;0.0;1.0;22;13
2021-10-22;Manhã;9.0;1.0;0.0;0.0;0.0;2.0;23;14
2021-10-23;Manhã;9.0;1.0;0.0;0.0;0.0;2.0;23;14
2021-10-23;Manhã;17.0;1.0;0.0;0.0;0.0;1.0;22;13
2021-10-23;Manhã;18.0;1.0;0.0;0.0;0.0;1.0;23;2
2021-10-23;Manhã;36.0;1.0;0.0;0.0;0.0;1.0;23;2
2021-10-24;Manhã;36.0;1.0;0.0;0.0;0.0;1.0;7;2
2021-10-24;Manhã;18.0;1.0;0.0;0.0;0.0;1.0;23;2
2021-10-24;Manhã;16.0;1.0;0.0;0.0;0.0;1.0;7;5
2021-10-25;Manhã;17.0;1.0;0.0;0.0;0.0;1.0;20;5
2021-10-26;Manhã;20.0;1.0;0.0;0.0;0.0;1.0;13;8
2021-10-26;Manhã;17.0;1.0;0.0;0.0;0.0;1.0;23;5
2021-10-26;Manhã;19.0;1.0;0.0;0.0;0.0;1.0;20;2
2021-10-27;Manhã;16.0;1.0;0.0;0.0;0.0;0.5;42;14
2021-10-27;Manhã;17.0;1.0;0.0;0.0;0.0;1.0;22;2
2021-10-28;Manhã;18.0;1.0;0.0;0.0;0.0;1.0;48;3
2021-10-28;Manhã;18.0;1.0;0.0;0.0;0.0;1.0;23;9
2021-10-28;Manhã;18.0;1.0;0.0;0.0;0.0;1.0;23;2
2021-10-29;Manhã;17.0;1.0;0.0;0.0;0.0;1.0;22;2
2021-10-29;Manhã;18.0;1.0;0.0;0.0;0.0;1.0;48;3
2021-10-29;Manhã;20.0;1.0;0.0;0.0;0.0;1.0;9;13
2021-10-30;Manhã;18.0;1.0;0.0;0.0;0.0;1.0;23;2
2021-10-30;Manhã;18.0;1.0;0.0;0.0;0.0;2.0;23;2
2021-10-31;Manhã;20.0;1.0;0.0;0.0;0.0;1.0;24;2
